Element ,bubble sort,insertion sort,selection sort,quicksort,merge sort
20,10700,4605,7012,10596,16832
40,31263,10573,18759,11619,28574
60,61586,22375,36033,17149,46088
80,112143,39431,62865,27454,134656
100,177905,63480,96210,29967,87940
120,275121,88403,151638,54337,26880
140,341515,114105,185155,17520,20611
160,458601,157351,241164,12267,21402
180,569130,190617,301152,13204,28196
200,552386,279697,466675,17364,38918
220,156134,273619,109782,32142,89851
240,251754,679416,211455,26788,59993
260,278753,924795,214257,45466,68494
280,223303,89213,176813,27141,54244
300,266258,136487,200304,24813,60151
320,214995,130088,286011,31833,59423
340,227961,131353,255269,28907,65057
360,237018,151680,285399,31523,69420
380,247052,166828,209107,49043,87245
400,268184,188410,248935,52171,69295
420,284281,198559,186034,38071,57769
440,293179,217418,243470,59778,131872
460,250431,170496,252124,42960,65118
480,233401,112639,224836,45845,63535
500,260137,115946,238056,49186,69500
520,278365,128070,254769,48058,67377
540,306568,127636,522081,345623,96647
560,345680,184619,194363,71092,96409
580,383055,168453,197207,74552,99592
600,423510,180746,218846,77539,104586
620,457717,191388,238417,85520,106869
640,498946,83509,225777,89710,103363
660,515248,102483,262914,91449,121864
680,549340,66749,168478,407706,138531
700,573232,106304,345989,118583,126778
720,593618,101037,644960,115918,140856
740,608653,93124,243618,38895,110685
760,666177,123057,341786,47797,139915
780,671453,129901,370220,50391,139558
800,682133,133771,361961,47902,146914
820,629750,81424,222561,39325,98378
840,643880,82181,234330,40206,99518
860,645070,86169,250414,40727,160926
880,816804,150711,340573,56020,238870
900,890991,132118,407496,61165,237173
920,1034293,172809,506434,59799,169998
940,1007823,207511,593999,60487,169660
960,1014950,201998,497928,61461,224066
980,1117067,198734,644395,60474,300424
1000,1136584,305872,729650,90461,729890
1020,1305289,226302,623719,67092,194598
1040,1217453,197240,598305,64661,189264
1060,1279705,243736,607373,85085,494583
1080,1540631,268692,586797,184151,1337393
1100,1547457,298480,700016,74062,163929
1120,1106182,138610,396131,54748,133168
1140,1161735,190664,588811,88813,313733
1160,1387829,173333,540083,58723,140656
1180,1212524,163932,467914,64038,152262
1200,1301582,167621,469688,68063,168254
1220,1519428,358758,675544,74515,214999
1240,1530332,285318,712260,69637,160867
1260,1576315,266088,701160,64257,153653
1280,1683702,289359,803487,77933,197704
1300,1856443,209762,580901,67113,254037
1320,2042601,197434,597848,79956,171534
1340,2192993,294765,597072,74190,262416
1360,1771529,274605,930324,86497,253342
1380,2195893,274763,660164,76558,233803
1400,2468478,511847,863583,109978,501443
1420,2188271,551411,809737,88791,262653
1440,2485326,444748,1026087,89276,254126
1460,2268903,455880,1060526,95793,321917
1480,2605917,476727,979211,83116,263243
1500,2333516,870870,1217510,109657,335189
1520,2502679,262284,716072,80666,196956
1540,3069996,490789,1234517,157552,370322
1560,2786152,264840,881747,182827,237973
1580,2354619,287242,894355,84267,272214
1600,3098033,373408,1110245,133995,465843
1620,2835440,292560,796877,112636,208271
1640,2460639,290393,838395,85263,198211
1660,2384338,323555,830745,86994,200575
1680,2771036,375997,885745,106052,337663
1700,2668160,321594,931351,87651,229087
1720,2837193,397134,1081360,96424,318445
1740,3674861,538326,1104981,100232,443879
1760,4148117,492354,1062935,99788,225067
1780,3472008,627901,1430233,118119,320133
1800,4554893,882954,2064614,121332,1130088
1820,5082838,968075,1311796,114625,314096
1840,5103789,591444,1406536,150896,372901
1860,3813690,584486,1336995,160565,404513
1880,5251452,693933,1465845,165876,1506683
1900,3948285,878184,1573914,159573,938612
1920,29865156,676202,6526281,1036440,1432366
1940,12919096,650830,2405209,134659,362490
1960,4122294,710385,17424043,136374,366718
1980,4878706,737325,2146771,123553,339104
2000,19052614,12985197,1812132,142114,535918
2020,18184557,2249625,1864402,134638,337976
2040,6023821,631484,14855225,123676,439914
2060,33978810,678677,1598705,134839,449591
2080,17020003,803135,2116618,145444,383149
2100,4988483,9209009,2088075,139801,369251
2120,20263708,968901,1804071,152919,663821
2140,4753402,9601052,1851765,142701,491018
2160,4931688,949151,9751752,189931,1111530
2180,5745684,914879,3369604,163880,542681
2200,5924436,828765,19134455,156937,1007816
2220,10175800,1736826,2266734,153446,410975
2240,13880670,984365,2693790,155796,408622
2260,14590302,2057867,3015825,180419,432858
2280,15689032,958947,10692258,145170,759022
2300,18505467,1763908,2880438,162970,431565
2320,6548420,1448041,13167889,193562,415150
2340,6050281,1054497,7320434,161555,433317
2360,7708515,993707,2932069,155660,552892
2380,6451502,862734,2753332,150954,544911
2400,6381730,1528502,7006130,167280,715244
2420,9891527,1708502,16803722,164737,786112
2440,6490369,2443393,8469563,169909,499587
2460,6834954,1539999,8768160,166834,721556
2480,10674645,1173687,3233717,176747,798941
2500,10486089,1069690,2857067,176468,518012
2520,8772104,2941043,9220500,233788,712675
2540,8337052,1575891,3252401,172185,439897
2560,9778244,1547738,3223316,186437,595759
2580,12815091,1478070,4394294,175024,1405985
2600,12508460,1308262,3105738,172236,543008
2620,13134732,1314704,7168774,178364,650218
2640,10577093,1152533,3006498,182070,604205
2660,7838561,2195767,3119518,169467,623371
2680,9235746,1398459,7593790,201311,581587
2700,12886742,2210377,3180812,186667,646176
2720,8060379,1339547,2688297,218836,709119
2740,8668364,1567637,3005361,183634,574904
2760,14836941,1213324,3469581,189576,785500
2780,13819546,909868,2357527,150577,428585
2800,8796437,1488221,3560537,188581,577273
2820,10899498,1922389,3511843,244964,676217
2840,9871398,1780074,3502393,195290,582818
2860,11712019,2919394,3770819,197001,568629
2880,12625747,1510071,2763795,184886,370624
2900,11931807,1729797,3085197,193123,522112
2920,12604894,1566839,4099851,205213,635590
2940,10804923,973997,3415478,217638,684995
2960,12945858,1453241,3930891,470309,3202257
2980,10849340,3728310,4823123,311465,1191022
3000,11866143,1664515,3190694,183080,411303
3020,11258904,1607487,3939399,223238,587737
3040,11397203,1796396,3753162,200394,614087
3060,12850536,2038358,3370200,199514,666572
3080,10257041,1610892,4340974,200165,630946
3100,12551439,1892735,5481160,216587,792999
3120,10573880,3302346,5341572,193715,598294
3140,13995761,4157565,4659608,238352,592933
3160,12502258,3014886,4860928,226319,711278
3180,16472425,2474064,6040646,209089,403587
3200,18284372,5033009,4341385,209746,921701
3220,20521551,1818291,6083525,213783,635163
3240,16028176,1978193,4632814,233424,660307
3260,12222864,2141002,4288970,219486,599037
3280,16184636,1998462,4594847,207659,903746
3300,13557338,1754451,4163034,232637,642802
3320,18353959,1929587,4640124,226891,639489
3340,22284870,1806509,4571886,221328,612330
3360,18015072,3434316,4901976,224907,1007626
3380,15107778,2227098,6004932,232916,652237
3400,25023420,2763240,8344380,237182,1719760
3420,17298559,2359000,4972968,214582,2599188
3440,16723415,2531469,4938600,236326,732488
3460,14366060,1877885,4063973,210971,747141
3480,12812731,2679678,3905499,205098,530694
3500,13648288,1741126,3849567,202072,554676
3520,13388771,1513475,3857109,232997,686598
3540,13700887,1483551,4828511,431205,834610
3560,13603599,2394795,4671669,231490,770420
3580,13654181,1557131,3865264,233805,1283453
3600,14167474,1660602,5281876,386454,1260602
3620,14153270,2480104,5801706,258982,1007240
3640,14569944,2092203,4742228,263963,671319
3660,13922377,2421126,5320708,212726,597650
3680,14711295,2095764,4279317,246593,1703068
3700,14607366,1540242,4236322,224729,1314863
3720,15055727,2758276,4112254,234667,1222594
3740,15966120,2291863,7141232,257557,1068790
3760,16522271,2500190,5309070,252899,736243
3780,16795009,1604443,5073145,265102,996719
3800,15647702,1544042,4226337,239984,762251
3820,14990041,1559377,4181102,243064,531545
3840,18715443,2385294,4567188,215688,503347
3860,15778906,1751913,4702607,213571,551590
3880,15287780,1620660,4778921,230253,612082
3900,15730922,1625020,4453672,244736,863061
3920,15792070,2159923,5621754,301049,3124153
3940,15939326,1837705,5520968,230785,452599
3960,18877676,2429058,5457281,244322,4140538
3980,29227026,2644218,5991534,252899,672231
4000,19291153,1919621,6453944,341113,1426341
4020,40596201,2665638,6842219,256177,908425
4040,19484932,2641195,5692620,225822,560670
4060,16941102,1781660,5467420,231096,571156
4080,17088137,2398728,6467174,263910,426647
4100,20101967,2045029,6732856,321278,915984
4120,19971964,2403439,6292292,273848,663605
4140,22884775,3541879,6440678,241711,628573
4160,20664117,2202987,8229927,290060,575892
4180,21377191,2371540,6592143,263641,400602
4200,20458505,2184880,5736696,237956,412952
4220,18911160,2225117,6967894,244088,403490
4240,19881321,1989956,6259627,306295,569815
4260,18673159,2255533,5561932,327106,434606
4280,18987318,2018904,5405801,241042,406472
4300,19902345,2076582,7007220,260610,561077
4320,19561474,2303151,5582095,285090,460397
4340,20509845,2440587,6022120,249615,667659
4360,20626981,2114823,5452184,339447,628643
4380,21126800,2409830,5863037,313686,578922
4400,20092499,2310225,5736048,244980,412587
4420,20876522,2230740,6775346,262080,466351
4440,20272793,2259931,5605607,283884,522295
4460,20288900,2137081,6667363,283208,620871
4480,20315171,2525942,6164755,254600,432860
4500,21418279,3611539,6812989,254677,458617
4520,21768958,2465697,6031750,259969,480380
4540,21408124,2606161,7271884,293463,625052
4560,21840843,2229972,6943378,269845,685482
4580,22003751,2400720,6339768,262051,440918
4600,21881828,2345857,6893843,283115,493984
4620,22650726,2318495,6274291,279280,721531
4640,22573270,2430883,6840627,268364,459996
4660,23268779,2387202,6438669,382312,627666
4680,23339503,2577862,7037659,331087,775007
4700,24030853,2423942,6596946,276068,472275
4720,23402476,2567678,6844013,272655,526291
4740,25162710,2474904,7133296,352657,999226
4760,24467102,2769095,7330534,387669,711042
4780,24920473,2583530,6789470,269112,457753
4800,25660708,3894040,6739029,272719,532565
4820,25018696,2707320,7105457,309909,716922
4840,25394605,2507886,7199044,291375,826205
4860,25268281,2522602,7514404,391003,791749
4880,27472042,3128492,7475927,273174,496938
4900,28240795,2609614,7685808,403508,807181
4920,26193088,2603534,6970331,277461,618844
4940,34897927,2679396,8922359,342268,743919
4960,37037953,3071650,7624834,301693,615579
4980,28333557,4382361,7995060,293441,473157
5000,27665659,2740599,7549500,306879,552294
5020,27223531,2802417,7725482,285095,489531
5040,27787697,2998556,8451318,285595,506866
5060,34180018,3393874,7995139,298984,534289
5080,27786321,2844881,7482743,288046,506398
5100,28623745,2786003,7411568,290847,508428
5120,27982404,2948357,7513654,320027,525095
5140,27936959,2876372,8028850,396554,704532
5160,28508622,3409511,8138308,305430,592116
5180,29232822,4578277,9947451,300329,602969
5200,28702925,3125051,7995407,298690,566566
5220,28631434,2949399,9218962,2295375,1109985
5240,30380099,3264122,8077372,304622,509517
5260,29510340,3205889,8565085,411452,580129
5280,30182151,3106620,8461747,404420,1343425
5300,30349255,3167589,8170779,328780,770266
5320,29776919,3056845,8794610,307128,563925
5340,29793479,3105138,8378139,311521,508321
5360,29988713,3351897,8456656,303297,511158
5380,32379810,4031514,8404226,380876,517844
5400,31064559,3218234,8266383,308066,604427
5420,31468392,3330581,8622571,304126,687417
5440,31163499,3319495,8520657,401541,623978
5460,31374192,3434165,9256631,310611,547651
5480,32349291,3456397,8958066,311962,547542
5500,31502870,3183432,9189361,342612,634393
5520,32831309,3341357,8505773,311782,551183
5540,32154815,3821535,8937924,317383,555541
5560,32293686,3333163,9424493,327114,556162
5580,33165469,3302241,9175674,322114,525085
5600,33304597,3334933,9321850,750031,694372
5620,33276227,3438998,8969020,326863,616797
5640,34636996,3564382,9023425,361852,529352
5660,34057866,3392547,8966856,328526,538363
5680,34210870,3530645,9746918,320484,542076
5700,34502358,3455838,9375284,323037,542762
5720,34143326,3458851,9979992,418546,596854
5740,34473676,3485868,9462607,326424,546766
5760,34327275,3537157,9651384,336750,572417
5780,35187809,3530562,9728795,364131,565057
5800,35600594,3759953,9915958,329186,581136
5820,36221052,3723782,9879583,350835,557788
5840,36990857,3604456,10267173,401167,687355
5860,36563089,3621205,10020474,337860,559925
5880,36249411,3873156,10078753,329055,557253
5900,37018524,4570247,10000303,342868,567744
5920,53414728,8126788,18698972,421189,784931
5940,53630893,7925785,21164059,485958,2356405
5960,43793495,4536147,13407916,448341,1270537
5980,41357889,4074327,11279914,866581,1597339
6000,43571590,4933496,10777746,343928,574280
6020,40243669,4378202,10732793,351594,577856
6040,40924475,4284546,10365216,341366,579920
6060,38235123,4032041,10448938,401848,738103
6080,39069338,4109771,10341286,353268,582113
6100,39409969,4144353,10745752,343215,584790
6120,39675234,3961594,10575646,344027,582221
6140,40483628,4054220,10564969,355878,723809
6160,39890718,4137707,10692028,354238,589989
6180,42500663,4073100,11034202,393042,589362
6200,39935541,4249516,10970952,363318,599623
6220,40640218,4305295,10803922,366160,597570
6240,41627733,4202491,11355379,379394,598345
6260,42335673,4327720,12085229,354580,606551
6280,44726537,5128589,11929614,370555,620822
6300,47847704,4654412,11564132,369993,624914
6320,43869728,4280981,12291546,375186,617616
6340,44703915,4886291,12082605,420927,669926
6360,44772347,4492594,11986765,369063,614499
6380,44297068,4685576,11820389,368369,618439
6400,44894571,4853914,11850038,372009,621042
6420,44510267,4309192,12667160,366565,621347
6440,45242399,5185010,12559059,371378,629173
6460,44718997,4540251,11767627,373729,625822
6480,45091449,4496781,11744975,369511,630429
6500,44582657,4844442,13274861,428638,811672
6520,45105362,4621154,11989160,380769,632535
6540,45685744,4695437,12240446,379401,635332
6560,46400591,4529645,12285640,377926,633147
6580,45726312,4719377,12841460,380710,632781
6600,45842682,4857642,13212539,399808,645698
6620,54342834,5756604,13508379,388347,644915
6640,54919925,4974057,13137073,404938,647094
6660,46623222,4749170,12402761,381717,650169
6680,46345309,5422949,13082021,386448,688147
6700,46799796,4739517,12665231,388035,655139
6720,48865321,5273813,13175204,475060,807061
6740,47954280,4783996,13390146,394691,653901
6760,47738280,4804388,12898029,392120,658396
6780,47911013,4887742,12686169,393160,660345
6800,49413594,4900851,12990680,394380,1247991
6820,48379996,4992078,12826479,397349,673020
6840,49144338,4897953,12961201,398916,677480
6860,49533413,5004073,13170078,405213,673743
6880,49854043,4991881,13070481,404035,673531
6900,49650802,4999449,13408583,399275,672924
6920,50855360,5078903,13231288,404908,675034
6940,50349145,5088322,13412002,398491,682611
6960,51173397,5128785,13545525,397543,702287
6980,51253367,5111203,13479149,403275,685627
7000,50990987,5139814,13741530,399611,690609
7020,51995822,5229094,13583508,400152,688201
7040,52595112,5207619,13848719,484145,747597
7060,52982356,5196628,14171890,405925,691330
7080,52203061,5342397,13803030,412996,716272
7100,53213633,5429836,14034481,414775,696514
7120,53901632,5348571,14193017,418877,696080
7140,54231614,5562822,14061784,421297,699362
7160,54238671,5381661,14133123,416479,700074
7180,53869288,5646192,14309460,419795,699057
7200,55019833,5426018,14537838,419523,707170
7220,55258047,5481092,15165738,419023,704809
7240,55169416,5619195,14462096,466770,868642
7260,55080935,5602202,14566971,429793,710334
7280,55783280,5696670,14836410,429812,713940
7300,56284652,5695485,15028652,430336,721521
7320,56866318,5718378,15219598,433758,717241
7340,56652840,5728869,14860148,435015,734236
7360,56997145,5968762,15201620,434220,722615
7380,56967454,5783210,15260384,496414,906121
7400,57284932,5827212,15710365,423884,734349
7420,58930586,5775232,15334999,450931,730076
7440,58589465,5919284,15522890,427187,733281
7460,59171659,5950239,15336386,436822,731199
7480,58697738,5966079,15560641,431854,744002
7500,60870700,5962997,15503117,446971,733955
7520,60950125,6025124,15556305,437288,738015
7540,59381082,5997919,16573888,440151,739816
7560,60517178,6164521,15726647,447623,740824
7580,60795721,6150206,15838562,443080,787860
7600,61298732,6147218,16039211,443444,749132
7620,61307615,6149949,16309977,456882,747306
7640,61828482,6143895,17498911,448579,749193
7660,62200085,6410700,16150208,451686,749530
7680,62257310,6262400,16425259,452160,750418
7700,62412514,6305356,17195117,448398,751923
7720,63545788,6338193,16901427,451494,758370
7740,64140970,6429110,16521783,454565,762193
7760,63660464,6398304,16755592,454464,763367
7780,63933187,6350723,17234399,454149,763010
7800,64909426,6476669,16716833,456841,767640
7820,65433525,6580277,16797584,460784,770264
7840,65912097,6567507,17564577,465797,1486564
7860,66271118,6511965,17270437,464542,777707
7880,65526401,6554109,17168838,462666,782097
7900,67550361,6587734,17185528,470433,781588
7920,68072407,6711353,17791511,455006,781951
7940,66856945,6646351,17898719,508540,783253
7960,66562290,6737896,17583983,464879,785570
7980,68260598,6808249,17467895,461994,835308
8000,67861410,6825933,18170319,462157,788857
8020,68476141,6934460,17821757,476801,796475
8040,73942647,7313049,19030409,472843,797065
8060,74194817,7358913,19441584,479464,1087759
8080,70345821,6842883,18612242,474296,800884
8100,70371844,7011092,18328132,479880,803865
8120,71620438,7439723,20029553,482327,805450
8140,75500890,7670089,19745113,484438,878094
8160,76140765,7120765,19195805,573670,905447
8180,72871586,7822992,20038939,909891,857685
8200,75726661,7172153,18977882,518928,808281
8220,73860363,7221719,20248639,474723,813720
8240,76240319,7661340,19109858,486156,1277806
8260,74076963,7318864,19835045,509688,820654
8280,75737186,7565208,19095852,492040,823387
8300,74010019,7684681,19024072,492154,840563
8320,74047721,7677159,19631191,489993,826541
8340,74810025,7491687,19365525,485549,825987
8360,76076509,7468329,19288207,506568,832168
8380,75781496,7368519,19258440,500987,834420
8400,75605601,7473849,19540323,495408,839355
8420,76218076,7530587,19440077,496671,836169
8440,76436137,7378726,19607973,595094,889636
8460,76199386,7665199,19834310,503693,840591
8480,77522543,7543906,20004807,503830,843792
8500,77371738,7703749,20047633,489617,847112
8520,77732151,7899360,19911293,502992,842408
8540,78236190,7839327,20009862,517015,855391
8560,77927126,7721184,20970602,509508,854989
8580,79277748,7759130,21487270,506549,853229
8600,78748734,7969691,21294836,511928,859240
8620,79701648,8014774,20474440,514603,855005
8640,80112176,7985315,20803958,520502,855722
8660,81124711,7883172,21532488,514008,869556
8680,81826991,7993481,21221771,517717,862902
8700,81356065,8046147,20997138,518042,871084
8720,81714411,8055637,21104938,517257,864638
8740,82828583,8048777,20931537,512412,868740
8760,81554171,8078040,21588611,525562,1616507
8780,81893710,8236805,21364693,514800,876011
8800,84210478,8133202,21817803,521530,876306
8820,83828085,8002464,22049628,517517,880154
8840,84477953,8299322,22328819,524384,883546
8860,84391871,8351401,21519206,513716,880035
8880,84150938,8332285,21582750,598027,1166752
8900,86007519,8425508,21930871,522326,888050
8920,85859906,8422609,21772893,528772,892609
8940,87177934,8411168,22110359,537522,892182
8960,86397265,8719971,22014786,531449,897512
8980,87039327,8560880,22384867,527702,900322
9000,87298171,8605044,22389343,536144,898521
9020,88039126,8649867,22476337,538467,900531
9040,86946885,8655329,23179251,538707,906349
9060,90014916,8782356,22630516,547223,903381
9080,89168253,8756394,23687792,634832,965337
9100,89677815,9172092,23062350,547776,908302
9120,90422933,8871159,22857954,564210,915003
9140,90746942,8833761,23202071,548594,908572
9160,92113707,8956112,23012688,545072,912614
9180,90106579,8874624,23129114,557524,909393
9200,91337920,8992638,23861914,550578,912530
9220,92065677,8975964,23281654,550142,913985
9240,90328566,8912201,23862199,544508,919344
9260,91954155,9096969,23519076,556267,929482
9280,93131348,9140525,24541151,548893,926070
9300,92811054,9153243,24022636,546376,930640
9320,93720889,9126487,24456611,546744,929281
9340,94204911,9335162,23885522,556677,931977
9360,94223360,9213056,24043218,558471,935290
9380,95626615,9376282,24537170,589925,941826
9400,95113830,9305341,24314005,574367,937922
9420,95242674,9234232,24987744,562958,941692
9440,96095546,9440947,24383806,564554,979234
9460,96558442,9529972,24863851,563135,944768
9480,97448178,9387204,24568136,588339,947720
9500,97125216,9454245,25705187,558237,945443
9520,97582667,9613379,25596004,563238,951150
9540,98503248,9745464,25759242,578415,953378
9560,99307849,9759374,25783857,569876,1046746
9580,99905616,9705196,26061153,563147,955208
9600,100114752,9683499,25574469,578302,957688
9620,100428612,9847981,25906074,578703,962378
9640,101563671,9963056,26156111,611504,960227
9660,100929660,9935768,26035138,578803,977134
9680,100580381,9945340,25614367,576502,968232
9700,101375708,9999804,26375208,580474,972218
9720,100713488,9887146,26465656,591581,969251
9740,102699953,10507929,27062437,582225,967172
9760,103294831,10119632,27171129,586162,994816
9780,106949188,10188458,26369988,609321,972226
9800,104114377,10108305,26406401,584769,975151
9820,104242089,10324555,26631686,584072,978699
9840,104212286,10253564,26524969,593140,982034
9860,106136365,10390952,26920445,599941,985854
9880,106748117,10247285,26664257,618194,1000223
9900,106005931,10292327,26824907,644230,1017087
9920,106569988,10331210,28024628,590351,987967
9940,107134836,10427360,27662385,596999,992187
9960,107696390,10714483,27483783,603435,1059568
9980,108487631,10579071,27799393,597941,992605
10000,109887422,10629161,28280057,603933,998460
10020,108685135,10635395,27909169,618939,1005271
10040,108962248,10682521,28146915,588442,1013893
10060,110483818,10692278,27736861,605170,1008720
10080,110272253,10648768,27788042,597501,1009085
10100,111013836,10762160,28208922,622567,1006036
10120,111046836,10816959,28405889,605745,1005081
10140,111505769,10823089,28159031,606483,1012459
10160,112312752,10986546,28268532,609401,1012934
10180,113383676,10973204,28903757,610894,1014104
10200,113472642,10898213,28421056,616893,1018069
10220,113922801,11025264,29047912,615666,1019211
10240,113521151,11079485,28881675,617130,1015788
10260,113782177,11256222,29015449,618490,1022201
10280,114018880,11268049,29054987,610083,1026069
10300,115669060,11187726,29038302,609443,1778324
10320,115065268,11323269,29526406,626504,1029780
10340,115927361,11431245,29162957,621839,1035654
10360,116537819,11353637,29394558,629067,1035570
10380,116426972,11436881,29434124,617269,1033467
10400,117176659,11509801,30462211,657470,1038307
10420,118244609,11471288,30358431,627781,1046012
10440,118488510,11443004,29748352,658970,1051444
10460,117047870,11655995,29889401,625200,1050106
10480,119245851,11541077,30291339,643875,1053680
10500,119563041,11694277,31132260,637471,1073451
10520,119712558,12487181,37658196,632915,1074780
10540,121310333,11682370,30394479,631432,1058861
10560,120242771,11565882,30453869,625161,1060647
10580,122399453,11987782,30530032,641665,1064568
10600,121248528,11972182,31358354,633604,1063034
10620,125054439,11959889,31514417,642369,1072370
10640,122950000,11932304,30883155,638310,1066533
10660,123845745,11883820,31803065,646508,1072277
10680,124604509,12225568,31651537,651820,1084917
10700,125592190,11943842,32389385,639244,1075814
10720,125129101,12222050,31437902,642768,1077809
10740,125575820,12290902,32645050,650297,1074364
10760,126477282,12204747,31954152,638160,1111833
10780,128223246,12313886,32849955,669535,1078491
10800,127979888,12137956,31882343,648241,1081306
10820,128039019,12368911,31989716,649770,1122800
10840,127840688,12382955,32370619,656886,1090432
10860,128738231,12501826,32103927,663985,1090432
10880,127933001,12415721,32214500,649666,1116869
10900,130061730,12432135,32401383,651048,1091832
10920,131085019,12567669,34098308,652745,1096818
10940,130757270,12739580,32671939,653415,1111591
10960,129244678,12665342,32741501,664839,1612031
10980,130920980,12574841,33807724,671883,1101366
11000,131440019,12723583,32977899,672055,1107500
11020,133498990,12879191,33084617,669561,1109026
11040,133344825,12801386,34502088,671169,1107225
11060,134010004,12965838,34214171,678022,1116293
11080,133859358,13118897,34321590,719900,1143030
11100,135314189,13144458,33654225,673514,1117866
11120,135942944,13163695,34949268,680225,1123896
11140,135794018,13018857,33850592,674970,1124159
11160,136204269,13076076,33905803,686498,1121230
11180,136008661,13300768,34050918,674062,1132104
11200,136887280,13156537,34148913,680138,1128560
11220,138870032,13238928,34293314,678979,1130918
11240,138889958,13278634,34500613,683439,1133393
11260,138984573,13399823,34511427,688561,1132024
11280,138879608,13449147,35683527,695022,1135637
11300,140302738,13498796,35523116,682799,1145459
11320,139381616,13497183,34901641,689911,1141232
11340,142212913,13652830,36527642,696521,1147961
11360,142576625,13415464,35585310,676640,1144167
11380,141932319,13777015,35240235,692627,1147939
11400,142422532,13673971,35377987,696565,1184362
11420,141532040,13820998,35483229,710669,1152939
11440,142925913,13843206,35978396,694698,1156849
11460,144279357,13991129,35772786,691702,1154593
11480,143699010,13836716,36495616,685758,1159337
11500,144933631,14058301,36047475,700051,1169405
11520,144649791,14044166,37036367,709437,1161625
11540,145646000,14151925,37098392,698975,1171371
11560,147499850,14062664,36353601,705679,1166148
11580,147705989,14159404,36477451,687004,1642515
11600,148933570,14666745,36641186,712957,1172982
11620,146993590,14212749,36765355,702802,1172134
11640,150780118,14293554,37663528,701022,1227540
11660,148991144,14414062,37055138,700256,1175880
11680,151441476,14134673,37589374,703611,1173482
11700,150637926,14611598,39359521,759292,1225868
11720,152547068,14473494,37939783,715549,1184035
11740,152124677,14632037,37976901,794062,1178788
11760,151507158,14493544,38415303,717932,1182406
11780,152551251,14601209,38416595,722509,1187721
11800,151898320,14585408,38816222,715977,1232136
11820,153431776,14731157,39470004,715770,1191579
11840,154653256,15032102,38129701,724638,1196434
11860,152884998,14688587,38275657,711245,1198920
11880,154230805,14894911,38366471,719662,1202292
11900,156408746,15014677,38479799,719218,1204987
11920,156044185,15011577,38654973,720576,1204335
11940,156124985,14993518,40541636,727582,1204876
11960,156199742,14960642,39513768,733264,1209418
11980,156777308,15272163,39108011,732456,1207779
12000,158293267,15138050,39703099,735669,1214023
12020,157830150,15200957,39319543,734596,1214876
12040,159081710,15209913,39413410,716980,1217832
12060,159140384,15317379,40203622,727569,1216469
12080,161599155,15357757,39871703,729601,1223747
12100,161984586,15514399,40039009,745257,1224368
12120,160763073,15498441,41354020,740440,1225321
12140,160885346,15334961,40930950,722790,1226425
12160,162793517,15648169,40435691,733949,1225086
12180,161753004,15735873,40318871,740230,1228265
12200,164393409,15837763,41202365,741329,1228763
12220,164786518,15700940,41770460,754394,1236439
12240,163203801,15863063,40686534,768224,1229631
12260,166886349,15756647,40822673,740691,1243196
12280,165995415,15841504,40967431,742840,1236458
12300,165526759,15957934,41940970,744027,1239701
12320,166064953,15786690,42985635,753289,1244464
12340,167655335,16037278,41385332,757151,1246971
12360,167632109,16110827,41812383,759041,1255716
12380,169203274,16134260,43148986,757642,1251297
12400,168706977,16103766,42260115,762479,1265431
12420,170730583,16218131,41910112,769659,1257355
12440,171171231,16580081,43489761,759048,1263972
12460,172052797,16425993,42937657,764039,1265648
12480,172266623,16280673,43206001,749667,1263285
12500,172797695,16529864,45079511,822932,1349654
12520,173840210,16497264,44296493,759347,1271094
12540,173827470,16723110,43641320,759707,1271973
12560,175282057,16787762,44079861,765522,1280622
12580,174415980,16606050,44321608,770260,1319134
12600,175726743,16461483,43127973,772242,1310264
12620,175155548,16902714,43412312,772273,1278057
12640,177109581,16813048,43423717,767998,1287103
12660,177571298,16730584,43500730,772613,1288006
12680,177528818,17422951,44885082,779156,1732975
12700,177664774,16917604,43787149,765681,1319317
12720,178784629,17096764,43952827,787342,1295499
12740,180476163,17102465,44145621,786112,1297705
12760,180005641,17123230,45125517,777615,1298910
12780,178249353,17146273,44871065,787436,1295482
12800,181023693,17180285,46229065,934344,1446510
12820,182035148,17317291,44735659,792306,1304905
12840,181025639,17382770,44887473,782558,1310236
12860,182170487,17371363,46241501,791273,1345411
12880,183882711,17544584,45188354,817089,1311221
12900,185508834,17693461,45765699,775471,1317604
12920,182668617,17456089,45456619,799533,1575101
12940,185478705,17637513,46478075,796852,1349087
12960,184645678,17581439,46112359,778101,1322893
12980,185616958,17659872,47750180,781998,1327450
13000,186383697,17879456,46114487,796178,1326692
13020,187124481,17699445,47131446,788610,1326721
13040,188334537,17912186,46733442,777012,1336569
13060,188342761,17955637,46405027,800249,1339253
13080,187511040,18190815,46499400,805776,1333589
13100,189131870,18026811,46658950,816209,1338659
13120,191034633,18155397,47608574,792323,1351938
13140,192418330,18202080,47961448,796862,1346437
13160,192726545,18536006,48258778,792991,1345401
13180,192418447,18210409,47160427,813545,1347995
13200,194745465,18438037,47649850,805882,1354199
13220,194295979,18372797,47814837,814554,1410523
13240,197684717,18443911,47638014,827204,1354032
13260,195488071,18559547,48474181,809180,1362071
13280,193368338,18567957,47870526,827411,1360838
13300,199329903,18610253,48012561,835994,1357823
13320,197698373,18805149,48433699,813183,1363243
13340,198371890,18704928,50295191,806240,1407636
13360,198039223,18743991,48668481,821039,1369975
13380,196087382,18974123,48582043,831566,1371277
13400,198168449,18900173,50689408,816684,1372991
13420,201233265,19235170,50240366,824726,1372960
13440,199700798,18905587,49642254,834808,1374862
13460,200782748,19075935,50401404,827079,1382762
13480,203322348,19019228,49269421,818301,1380361
13500,202064221,19494663,50127049,821659,1382010
13520,201265333,19138780,49605152,821836,1408860
13540,202485850,19301500,49709402,819721,1384526
13560,202546282,19326550,50448829,840634,1389411
13580,205067688,19299697,50021605,822415,1388769
13600,205603998,19444981,51788610,879553,1390732
13620,206610382,19591106,51336861,848504,1397721
13640,207051242,19814574,51294285,840123,1405045
13660,208957953,20472452,51333275,852982,1397366
13680,207224032,19831597,50875845,847971,1397067
13700,206889137,19624039,50938146,854593,1400307
13720,209070452,20035138,51483703,845332,1402610
13740,209047849,19916537,51183269,856336,1405605
13760,210708517,19820264,52248002,886551,1406696
13780,211051621,20851436,52414660,853082,1466025
13800,211621923,20155734,51643632,836349,1411499
13820,211401420,20193432,52166373,837386,1407498
13840,211036366,20027465,53686257,848697,1410991
13860,211613966,20149100,52223340,852661,1419140
13880,215710219,20271995,53738723,851770,1422451
13900,214547403,20574344,52564877,852270,1417851
13920,215997113,20352838,52958299,846902,1420290
13940,215897012,20452983,53692552,854209,1423859
13960,214243292,20639601,53545697,858771,1430153
13980,218962894,20616476,52980992,840192,1422376
14000,216581316,20659179,53644804,869467,1432679
14020,218156919,20490053,53379486,865661,1464112
14040,217677430,20767063,54892735,862079,1485475
14060,218974413,20823768,53572728,866767,1438140
14080,218679736,21015036,53956648,870002,1461083
14100,220631854,21125553,55877754,866361,1441298
14120,222341821,20943371,54656054,867864,1891315
14140,222098513,21566987,54336017,866467,1446132
14160,223910905,21045052,54435245,857831,1443649
14180,225060353,21103556,54482780,867275,1442697
14200,223233947,21140084,55151415,874390,1445675
14220,223194825,21295344,55706901,870886,1465023
14240,224707891,21526271,55835283,873807,1442719
14260,227205332,21518130,55331446,879629,1450293
14280,226226302,21569855,56034305,866816,1456786
14300,228944937,21603369,56296807,880245,1454973
14320,228591707,21658858,57011138,890110,1475162
14340,229016503,21690924,57253771,879656,1454813
14360,230914729,21707977,56446223,888968,1458932
14380,228915501,21762880,56028210,906247,1459815
14400,230335613,21787978,56400306,888634,1464542
14420,232561222,21767925,56410859,880380,1472016
14440,232998142,22304803,56861815,884469,1471210
14460,235555262,22427555,57234240,891678,1473825
14480,232261919,22239919,58502554,883750,1470372
14500,237471278,22037801,56989998,894762,1475755
14520,233530623,22270526,57246310,886669,1490144
14540,235974596,22439424,57705773,907788,1481851
14560,240277429,22448949,57602417,908514,1939547
14580,236066645,22278207,57723036,905318,1502197
14600,239016539,22170561,57823337,897126,1496296
14620,236921184,22613168,57902990,889984,1495593
14640,240038421,24464796,59090009,903114,1500645
14660,240117590,23404057,58179218,912949,1499618
14680,240688486,22425264,58983740,909972,1509312
14700,240527950,22800988,60364162,913482,1512212
14720,242400048,22704024,59283040,940924,1502377
14740,243875060,22842188,58984649,925378,1511718
14760,244551544,22973487,60476854,915117,1530005
14780,253832025,24658366,63833391,909318,1543495
14800,260191181,23780176,60125073,929307,1511044
14820,246273522,23270206,69587350,905765,1590944
14840,256660479,23603487,62659870,913999,1522576
14860,268234187,24091952,71168902,938172,1524306
14880,254584742,23598466,61869813,1087335,1844845
14900,266305474,24242080,63363198,996582,1520571
14920,269198604,24057039,62319233,931383,1611775
14940,256317744,24278461,78038453,917566,1538170
14960,272072215,24611291,63664833,968390,2018330
14980,263395160,24702131,81868279,921749,1536355
15000,273659740,25508610,64619084,934475,1637913
15020,273031899,31619258,69951105,998887,1877165
15040,262490382,24989102,62436778,962519,1567823
15060,284026898,23840069,62748320,961426,1548964
15080,262965954,24666057,76119941,1002849,2090127
15100,271540234,26112794,65425554,925110,1563841
15120,278568437,25099570,73635787,1147643,1729728
15140,273280814,28507299,67718857,954569,1559393
15160,289761937,30529170,71741436,972053,1620371
15180,272657361,26005233,66216112,961734,1640273
15200,266580222,24947150,66805890,1029683,1640845
15220,279458751,25357352,66502631,1002573,1712404
15240,275573939,29547148,71481677,944326,1664690
15260,308944827,26072795,69905663,1024684,1655081
15280,278602394,42089093,68118297,1226853,1903363
15300,274033464,24610164,63960091,949433,1577669
15320,263280271,24699158,63782831,943661,1569877
15340,265115124,25000697,64586190,933061,1571628
15360,266192121,24615704,65031293,963891,2249513
15380,277558521,24879685,64073693,942242,1579980
15400,265663628,25516586,65625147,953329,1584094
15420,264039595,25028790,64408925,960156,1589051
15440,272265561,25358520,65785996,959834,1586623
15460,266631839,25240865,65391646,961412,1586842
15480,268773784,25046850,65549849,991579,1700041
15500,278196863,25280734,65255013,949833,1595971
15520,270453417,26551997,65207836,963863,1604166
15540,270062156,25227537,66396522,995260,1607413
15560,270321304,25302553,66215077,954714,1601391
15580,273340322,25435435,67420687,961716,1607357
15600,277702322,25577249,67600958,975437,1607616
15620,275312535,26199793,67253645,982069,1605923
15640,272935489,25794413,66137221,988442,1609552
15660,274653117,25554630,66435667,978678,1642811
15680,276093956,25814724,67006918,970046,1609016
15700,275798674,26085052,68575623,994291,1614039
15720,275352732,26351918,66918055,985869,1613567
15740,277986368,26123207,69081545,977287,2109569
15760,279373915,26415093,67206508,992800,1623375
15780,278404719,26119657,68137528,982322,1626362
15800,278588990,26368105,67669920,975136,1622811
15820,283332637,26373300,69204958,1045897,1635668
15840,282732417,26334036,67920211,995452,1623344
15860,279866398,27016554,68756998,967647,1655859
15880,282835360,26636880,68288545,983163,1637430
15900,283931541,27586832,68392740,1001714,1631400
15920,284899863,26603851,68538254,992059,1638229
15940,286863175,27005592,70198761,996042,1642829
15960,286340011,26930705,70241305,989739,1636820
15980,287487395,27017588,69221378,1000115,1643088
16000,288228814,26924659,70537178,981416,1667583
16020,288454082,27316501,71074627,986960,1648279
16040,291957266,28192556,71357581,986764,1651214
16060,289922390,26984319,71426836,1003086,1709785
16080,294536339,27341077,70060584,1005399,1661360
16100,291935387,27220640,71279101,1014147,2020605
16120,292094431,28194167,71563791,998977,1658671
16140,292734739,27349145,71796135,1006411,1657344
16160,293626337,27251108,71570559,1004834,1660052
16180,295940898,27344854,71924289,1014022,1676531
16200,294549031,27460560,72927530,1017573,1670811
16220,294018211,28829547,72935773,1020917,1700915
16240,294993662,27751948,72127575,1025342,2097160
16260,296780161,27946149,72635073,1001322,1666562
16280,299054556,27912139,72852082,1028142,1676955
16300,299010044,27921883,72088447,1020344,1669803
16320,297655278,28802491,72606403,1010953,1677824
16340,299037135,28102709,73064205,1037715,1681066
16360,300803089,28233316,73850237,1025790,1679455
16380,302039023,28129213,74750110,1022285,1692166
16400,303258035,28407387,72904977,1040113,1675887
16420,305811616,29233708,74499952,1017975,1687030
16440,303325157,28156800,74820343,1029432,1720684
16460,305584760,28662473,73969208,1013394,2098124
16480,307776404,28491982,73635822,1027864,1700667
16500,307435639,28844414,73614300,1025787,1762707
16520,306761026,28709641,73777354,1030165,1697965
16540,307459603,29622083,74926975,1035025,1702403
16560,307518901,28872683,74775656,1040577,2039650
16580,310715300,29080178,74338729,1038832,1717254
16600,311223666,28628980,74709038,1026976,1710557
16620,312129364,29042209,75175562,1021627,1752655
16640,310528657,29279104,76199574,1073433,1715550
16660,312623799,29699128,76291034,1062058,1720338
16680,313527742,29012152,77076511,1021494,1730048
16700,315190338,29219158,75555479,1043952,1720174
16720,319149404,29284950,75543901,1027699,1728264
16740,314965614,29437586,75732040,1049785,1788735
16760,316681016,29430939,75904247,1060472,1741433
16780,322802263,30145059,76794785,1042779,2141131
16800,318101209,29685029,77826082,1061930,1736893
16820,320965880,30089958,76614165,1043289,1739635
16840,320246341,29754049,77381433,1064873,1747226
16860,322848055,29802568,76988842,1062960,1748937
16880,321939029,30103373,77468497,1052092,1745952
16900,324022695,30525230,78538392,1045593,1746705
16920,324583828,30271378,78278800,1061633,1752348
16940,322260319,31245686,78771356,1044407,1775370
16960,325076905,29965720,78582220,1069866,1791214
16980,324499893,30059842,80359357,1061937,1757180
17000,325188858,30497309,78088554,1074678,1766069
17020,326064317,30361356,78880935,1052164,1774041
17040,325562089,31260939,78723973,1083361,1798149
17060,327938321,30719656,79359467,1080702,1772436
17080,330714479,30839966,80270961,1067753,1787325
17100,328184637,31375024,80762664,1079940,2230316
17120,332294912,30940208,80308799,1099893,1808182
17140,331809661,31488999,81987613,1175572,2199438
17160,332331034,31188014,79566879,1064011,1779317
17180,334850917,30958258,81478608,1075189,1785960
17200,334552110,30963355,83091493,1070919,1791044
17220,336284371,31033022,81072080,1080579,1785764
17240,337916611,31120092,80334407,1087509,1788412
17260,337612856,31301061,81273363,1086982,1790948
17280,335488360,31849431,81385243,1078032,1804045
17300,338759869,32184118,81135129,1090056,1792542
17320,338143199,31575545,81923569,1098135,1799643
17340,344205489,31343997,82688396,1074326,1792181
17360,337558688,31676239,82065594,1095258,1808600
17380,339170201,31728315,82156667,1076265,1802962
17400,339387783,31743617,81791042,1110268,1806336
17420,344966712,32009058,82918256,1083617,1798793
17440,341676420,32472310,83521548,1084797,1809751
17460,346561762,31892753,83796557,1106198,1805672
17480,342402757,32201645,83154944,1093567,1814880
17500,343956461,32328733,83541955,1092075,1816626
17520,349208314,32592247,83223181,1103237,1814591
17540,349610231,32893869,85519619,1091418,1824728
17560,346100655,32801014,84475120,1114744,1853199
17580,348755755,33112608,85856947,1100713,1856200
17600,352439281,32697085,85213262,1112855,1822170
17620,351589312,32574216,85769069,1107187,1825222
17640,355078369,32676721,84182620,1102632,1833591
17660,352229973,32572839,84196355,1112605,1828832
17680,353418326,32911177,84903100,1103814,1831167
17700,359160783,33269223,85481569,1107679,2279607
17720,355197432,33304016,85402275,1093763,1849579
17740,353741298,32927629,86130650,1104082,1838870
17760,357308145,33032756,85279706,1127441,1847826
17780,357250929,33276212,86931771,1117539,1840510
17800,360047318,33308651,86049508,1119150,1865599
17820,360615516,33292208,86628474,1121615,1848189
17840,358895422,34011701,86905551,1130318,1850659
17860,362338996,33691984,88078439,1137321,1850143
17880,364168259,33511915,86472973,1144362,1859222
17900,363777165,33669979,86545723,1111959,1850673
17920,362539595,34791315,86932678,1126332,1857276
17940,365504736,34531172,87943844,1290518,2109405
17960,366513140,34533750,87503161,1129787,1858915
17980,366170595,34098159,87818180,1109548,1859724
18000,367500781,34016051,88802097,1119971,2299941
18020,368683194,34353588,90536573,1131956,1868087
18040,369876381,34346544,90747054,1143466,1877142
18060,367930509,34594756,88557654,1128565,1883618
18080,370180294,34856480,88880440,1149185,1874228
18100,373219291,34628506,90709388,1147086,1885248
18120,371943068,34332024,89437521,1125975,1879599
18140,373457994,34972009,89962591,1137134,1891642
18160,372979342,34680618,90918615,1136312,1883961
18180,375491551,34502761,90967916,1122537,1910454
18200,374995398,34886612,91385885,1134424,1884490
18220,375643453,35385811,90859898,1147299,1891516
18240,377909871,34966100,90507301,1141910,1888256
18260,379267775,35191406,91211306,1135508,1895545
18280,376876771,36397559,95031570,1134627,1897314
18300,390657490,35561628,91992655,1142855,2043608
18320,398584650,36055601,95775659,1154240,1935853
18340,399635638,40945773,100653550,1401701,2064565
18360,410439126,39801144,100799619,1155443,1923798
18380,382459417,35488514,91203192,1144825,1927289
18400,382796493,35547207,91475175,1141780,1895984
18420,385292956,36074419,92000163,1166469,1902453
18440,385551788,36452269,93999327,1168474,1922665
18460,385303896,36246879,93463916,1167804,1909415
18480,396380708,37929225,97286719,1220631,1996310
18500,409711752,55297469,102090655,1444263,3204120
18520,401834268,36197803,93927557,1148587,1939233
18540,390589073,35908470,93823964,1180762,1920787
18560,391690368,36415031,94861091,1159147,1918872
18580,391747654,37066746,96323221,1177660,1930184
18600,427270556,46436706,96831635,1177186,1926517
18620,451448611,36527955,96899191,1413753,2093537
18640,417295274,36860938,93743935,1186873,1940420
18660,416381158,60907309,134529428,1299582,2598364
18680,410961282,36557901,100666577,1334123,2445057
18700,438326662,38904651,108598146,1189101,2840803
18720,424459265,47256096,99424778,1228118,1992598
18740,400228357,44748530,104774360,1195785,1956242
18760,401245473,36710182,96042580,1165025,1954410
18780,400282379,36715034,96871269,1194155,1954247
18800,397219465,37376828,96041989,1188592,1978401
18820,401746816,37197585,96636580,1194093,1978669
18840,403554377,37470661,96103794,1191367,2528620
18860,427754609,40101374,103946698,1403700,2865761
18880,420224064,39740348,101237184,1367135,2178669
18900,440804183,38300018,99083044,1235352,1964923
18920,419179695,40092819,101457095,1177784,1973694
18940,438818085,45434583,103858466,1354553,1968942
18960,428081178,39522525,99929738,1216266,2049602
18980,434505543,37937349,106408177,1239991,2155552
19000,431656189,38979701,99337547,1223221,1999388
19020,432025883,38248471,99982156,1206284,2381541
19040,437623444,38817636,101507334,1225350,2018631
19060,444622094,41583064,107192972,1200060,1984511
19080,436394253,38693570,100708769,1397954,2056353
19100,425937217,39222137,101663735,1220639,1998556
19120,420742489,39000526,100770975,1326242,2451894
19140,422758866,39147316,101192470,1198982,2010184
19160,423220898,39137712,103675307,1220488,2017203
19180,441905053,39583132,107982113,1211928,2046572
19200,454586556,44029382,108759610,1224687,2005470
19220,446409339,40348784,108226600,1757351,2865917
19240,442613791,40626097,106578600,1216150,2012473
19260,425891914,39429570,106436841,1205655,2054077
19280,446948434,39374132,104457317,1639941,2019506
19300,439277873,40885816,102960562,1229082,2025077
19320,430142136,39789910,102460909,1211679,2159141
19340,437854944,40372916,101707107,1211897,2019720
19360,427733362,39664170,102502244,1226450,2023178
19380,448879324,43576718,107384756,1223480,2474202
19400,455170821,41365386,111308695,1216420,2069847
19420,452926097,42454928,106889972,1215325,2031897
19440,468021913,40346762,109208891,1329179,2032746
19460,447548043,41552583,105744691,1248439,2053074
19480,454397719,41194615,106462442,1238851,2234159
19500,452269572,41044267,105621884,1246498,2041609
19520,466950848,45839812,106761915,1228553,2063052
19540,466529384,41020280,105591256,1234919,2048806
19560,470305908,42002963,132699259,1236038,2069478
19580,506079138,53793793,127204685,1948691,2999251
19600,465642037,41889107,106103240,1242407,2073564
19620,484800064,42292547,116099298,1269914,2318190
19640,457100180,50293298,115004313,1239042,2188122
19660,461412387,42661861,109143140,1426059,2658502
19680,492042013,45244681,111079381,1251078,2629966
19700,467585537,59643116,145155090,1319394,2689310
19720,476094306,41783599,109837544,1396524,2268866
19740,493125196,46638654,113961384,1262578,2100889
19760,456191964,41578019,107243229,1245339,2205902
19780,450355336,41744651,106954761,1334363,2071307
19800,449471605,41701256,110928353,1242097,2133165
19820,463016331,52526046,118005737,1352894,2927578
19840,492139800,43206377,112976092,1253850,2079177
19860,504674272,60221232,148739166,1374585,2168629
19880,512901063,45010140,120821758,1261691,2126270
19900,477395088,41761253,110213933,1292519,2103463
19920,463774178,46129693,121272799,1273988,2728686
19940,463246322,42225738,107556309,1279435,2093317
19960,464890148,44811753,109414681,1255287,2081894
19980,509426172,47758925,119611670,1254164,2085845
20000,493016242,44015589,116847540,1413534,2092563
20020,474194418,42204180,110098172,1305588,2100034
20040,458794092,42747568,110042699,1318284,2105640
20060,478369804,42739996,110154670,1263819,2101502
20080,460746126,46230301,154489693,2075063,2234372
20100,540329359,54822181,133118860,1417889,3372308
20120,519312290,44618139,114510847,1405358,2104189
20140,486542041,45541575,112037680,1263360,2103247
20160,484042006,62258562,178519919,1813538,5766508
20180,555824706,47608927,131756752,1297364,2828058
20200,549906611,44956572,113852554,1476807,2130703
20220,485848923,43108514,112810800,1287725,2118462
20240,495702328,46158338,117119248,1644525,2412487
20260,497118516,46160302,117772843,1295787,2115667
20280,488720511,46539173,111991104,1291492,2123388
20300,469015962,43858575,112930425,1276632,2162506
20320,472763057,44253363,117331065,1269364,2265646
20340,498732034,46707224,118090698,1305140,2128756
20360,503979824,44154974,112884103,1338026,2121772
20380,482232600,43774565,113185224,1291804,2150494
20400,509315926,50092630,118813845,1287176,2133398
20420,496974019,45350650,118974944,1283265,2589462
20440,506307684,48592164,117702113,1373826,2199853
20460,504457828,49394450,124455576,1426895,2320742
20480,495849368,45968082,124159376,1635941,2517074
20500,522987611,45927504,119732798,1332222,2705170
20520,499630126,53122663,118765003,1291247,2167735
20540,495246404,45119035,117578172,1316667,2154482
20560,490736353,46821471,116044950,1282729,2179301
20580,499871979,47365851,118163807,1351919,2155029
20600,510146872,45087297,120960345,1808093,2219022
20620,505609180,55300269,138988816,1311375,2157779
20640,488930721,46030349,137733479,1333190,2719253
20660,530242874,46581327,124420031,1333160,2163946
20680,497091511,45358185,116015721,1330972,2554930
20700,524883482,47683295,130548383,1364225,2177869
20720,550589993,66159087,142823920,1669640,2638864
20740,518610286,57141163,126543274,1760769,3154919
20760,540330021,49603006,161224791,1367699,2744853
20780,545012995,49372825,120905350,1344516,2445148
20800,541622146,57439698,182125218,1859668,3856906
20820,698790067,61110939,120702075,1312918,2190897
20840,576855922,46429718,119459926,1339310,2240193
20860,514040309,51803995,145003289,1573439,2744214
20880,641473859,65374421,142976528,1734302,2584711
20900,701530185,52069219,163865702,1851364,2768917
20920,534971061,55650282,133350416,1438745,2763568
20940,552951190,48294528,120458926,1350386,2199088
20960,508950988,48609075,120448137,1322765,2223498
20980,534001429,46948227,120353858,1341148,2208654
21000,504926658,46803254,120057389,1349483,2214575
21020,506075095,46468192,119760154,1340498,2297480
21040,506591278,46906693,122364117,1359775,2214568
21060,510108327,47114963,121418448,1350267,2224638
21080,506306450,46962860,120825866,1372811,2340136
21100,512265171,46990961,134427040,1415500,2878309
21120,559577819,48061368,132557135,2026076,2491077
21140,532420243,47157553,123537942,1366195,2299551
21160,575331391,54443302,132682050,1358916,2906856
21180,519846645,49627334,126300874,1349082,2234504
21200,519005248,47986896,132572726,1445753,2545087
21220,547906699,51877175,137756220,1386035,2241951
21240,540185366,49819663,124639807,1347175,2332657
21260,546142675,68674756,166207421,1546694,2440660
21280,673298283,88760065,187219474,6510994,2760513
21300,678444908,54570843,169955302,1421930,2500038
21320,612902728,50170767,156340782,1367384,2264388
21340,566854731,54121218,138449323,1670322,2312978
21360,571364050,52263916,132731588,1453351,2307521
21380,536266947,50138465,127604677,1371802,2282263
21400,623584545,62245616,174384091,1557325,2321257
21420,549226574,49729999,124070528,1374396,2270094
21440,526727509,48966190,126466778,1373717,2276803
21460,543395034,55850684,137992830,1388971,2309686
21480,564790797,49561955,131749537,1371749,2388093
21500,551623223,48517012,125174625,1391043,2296154
21520,529515918,48976122,127095649,1393301,2334843
21540,575430354,79247305,157437827,1569669,3422502
21560,624113308,77994986,146887748,1484273,2614247
21580,540310224,49036875,126303694,1354700,2285146
21600,537296535,49202326,126058540,1351033,2288896
21620,537829658,51380617,130000984,1373853,2322232
21640,540061301,50189155,127619009,1400399,2727171
21660,541342080,50187942,127878851,1377934,2291835
21680,541461283,49931466,128932005,1381630,2324941
21700,544650504,50341171,127860099,1379876,2317329
21720,547411123,49839045,128868424,1366384,2300799
21740,546531895,49891235,129476590,1384513,2315498
21760,547720353,55235759,138955529,1410623,2324162
21780,555593622,50074003,141028147,1542095,2913898
21800,571583125,53316418,144344147,1546303,2563500
21820,590049568,56454756,142034578,1449782,2316987
21840,583485515,51169124,146878309,1878863,3483386
21860,644078075,51900507,133940413,1471563,2583790
21880,570350019,57874176,146009854,1703434,2804290
21900,582857040,51874967,131789593,1426801,2394585
21920,555205746,51373648,130499226,1416536,2346043
21940,557795359,51441274,131814695,1374754,2339235
21960,558228269,57272412,139717339,1421109,2399824
21980,598510097,52310704,147262838,1466203,2766834
22000,574709558,51132255,131077811,1392567,2334182
22020,553936518,50854239,131486084,1410047,2338076
22040,651626441,62072940,162350501,1466743,3129139
22060,637700780,52257171,134835936,1411980,2340235
22080,560719043,50954075,132677061,1417813,2367216
22100,587915947,53620533,138192306,1548008,2733553
22120,597641623,55125359,156513058,1405108,3153819
22140,612537059,53927601,147468391,1433769,2563195
22160,664208801,53852102,144115285,1643176,2352081
22180,615444407,52445337,146306337,1449813,2352433
22200,569112822,51700377,133408175,1420000,2360306
22220,603754666,80550897,153297722,1492491,3216809
22240,700436843,61884432,162297334,1437566,2489145
22260,606280448,56538260,140129431,1422418,2384342
22280,593736729,52637610,147663728,1427101,2358193
22300,592958036,54463840,134527803,1410198,2390309
22320,574336634,52874462,135248126,1431276,2361678
22340,571176814,52716632,135743697,1420544,2765880
22360,574040499,52243259,135974545,1439671,2368142
22380,586968037,52512267,136799299,1425542,2366557
22400,576334669,56127574,136175352,1440311,2378084
22420,581861938,52715716,138007288,1422229,2397098
22440,579238554,52686999,136536446,1484749,2402771
22460,585035618,52940104,137827049,1445068,2379939
22480,579120856,53380665,138236480,1444271,2421046
22500,581005305,53493277,138658528,1429537,2377699
22520,586923896,54392872,138038418,1440712,2394494
22540,585439098,54423007,139694817,1457688,2381785
22560,582962611,53971537,139090219,1448478,2402172
22580,588521293,53413108,137876899,1423891,2769063
22600,587595475,53806163,138578813,1454635,2399372
22620,591699436,54602735,140074615,1452138,2394420
22640,587375336,56931111,140252692,1434860,2432163
22660,591642909,54211327,140501301,1505461,2408814
22680,597559106,54874569,141048360,1443160,2406744
22700,593278784,53915277,142319767,1448241,2405728
22720,598230740,55093189,142295699,1496930,2410452
22740,594407501,54164759,140844358,1449942,2415026
22760,598048537,54724451,142330302,1495222,2431160
22780,596500919,54511413,140749151,1471292,2424238
22800,597325212,55512342,142981567,1431722,2849021
22820,599211782,54930729,140284394,1471496,2422622
22840,597342287,55251961,141401126,1457536,2426039
22860,600426606,55840399,142636499,1523518,2425176
22880,603719314,55176070,143541831,1476509,2447275
22900,599966797,55019636,141788226,1452407,2432395
22920,605086782,55279459,141971630,1450293,2448485
22940,607660498,55381197,142017292,1480891,2435584
22960,607898323,56111790,145454477,1485040,2443624
22980,608980574,55792500,143871598,1483781,2437900
23000,615791409,58483151,143286920,1471768,2463409
23020,604681968,56152321,143522932,1468322,2828305
23040,606853476,56260911,144194588,1472265,2453999
23060,606431669,55997128,143699669,1486321,2457853
23080,608965789,59345502,143788858,1469214,2451742
23100,610043298,56282571,143634048,1480006,2463725
23120,612041252,58561760,145392402,1495226,2471634
23140,616732632,57762119,144983462,1482227,2468481
23160,615652118,56507555,144987316,1472376,2468368
23180,616966322,55963590,146485996,1614174,2489003
23200,620924453,57969124,147698673,1495920,2476103
23220,619090120,56292872,146110124,1504232,2475271
23240,623090504,56872441,146807216,1476406,2910114
23260,621295652,57516344,146151943,1537749,2498106
23280,626293462,56894389,147853473,1659974,2670388
23300,629094081,57197017,147771298,1522151,2484844
23320,624126998,56949798,148368277,1518885,2511131
23340,625632540,56608926,148499090,1516220,2496842
23360,624366573,57344278,148069760,1496915,2495959
23380,624018954,57183774,148981786,1502033,2507365
23400,625019835,57472002,148015698,1504351,2499174
23420,630327704,57981953,148509475,1511314,2504982
23440,632834392,57608408,148233078,1512355,2503874
23460,631306745,57739532,148203991,1509857,2920858
23480,627631045,57648589,150058970,1496871,2529009
23500,635217129,57929446,148856988,1528536,2510160
23520,634206478,58175025,149603288,1494717,2512918
23540,653446306,60563628,165476760,1525738,2927130
23560,636281966,58011357,151508732,1501591,2507882
23580,642873466,58542622,151087906,1507042,2527238
23600,660904766,62826048,163366003,1607805,2589680
23620,676408348,59508197,151790003,1560065,2537159
23640,647459217,58345862,152278018,1524958,2531381
23660,641807997,58727300,151038336,1511702,2534155
23680,642215333,58759455,151263552,1563688,2958434
23700,647951251,60581134,153412353,1549054,2533468
23720,645915601,59287486,152952308,1497940,2592670
23740,647509357,59162992,152962544,1528630,2547374
23760,648736308,59487237,153960487,1537393,2544135
23780,645478636,61710908,154731138,1534129,2552868
23800,651161965,59769645,155246871,1520971,2585001
23820,647476598,59826451,154616100,1543499,2545496
23840,654961273,59813353,154575316,1539092,2551548
23860,649899142,59677320,155030330,1523226,2551998
23880,651511781,61097200,153498043,1542958,2558639
23900,665145097,60278677,156201027,1540994,3131215
23920,655681172,59898817,156750641,1525671,2560475
23940,656318234,59831241,154938927,1543762,2604338
23960,675312907,59808618,157415362,1694202,2640017
23980,668223304,60397258,158430417,1523219,2565787
24000,660271300,61004731,155470556,1532664,2567121
24020,662879730,62792532,157480733,1536128,2566718
24040,666299315,60896441,155837230,1541044,2573534
24060,664346182,63080733,157381690,1578790,2565963
24080,665742848,60729081,156516341,1553784,2568667
24100,667583648,60644409,157561380,1563847,3028794
24120,670468995,63600971,156725568,1528672,2576719
24140,692682192,62877474,162240593,1851403,2734050
24160,678603670,62009714,162355151,1568879,2642969
24180,678549313,61687378,160645317,1613337,2649949
24200,688667028,65291276,162862541,1580692,2579380
24220,683953642,63244208,159380734,1546925,2754820
24240,677776833,62531731,161515903,1568712,2585910
24260,677389224,61585622,163388305,2053241,2599949
24280,713176265,66395777,168919884,1564992,2602186
24300,701169334,62187570,164796066,1584564,2607466
24320,717851964,65626314,168067096,2820019,3211660
24340,714373451,67027700,167648404,1552765,2628191
24360,687553107,63582641,160556627,1552602,2620290
24380,697811840,63204644,165853535,1583555,2596502
24400,687004400,62425481,160244073,1568761,2598489
24420,683368812,62756100,161551604,1563807,2642973
24440,684671825,70392908,163206973,1565627,2632543
24460,705899699,67053394,164476601,1642921,3550375
24480,689282284,65111794,162861819,1575621,2615312
24500,700043793,63273585,162304894,1583022,2631379
24520,704001075,63532158,162515025,1544473,3077903
24540,695131076,67495853,165396174,1569173,3618732
24560,699386813,63537976,171213567,1577425,2624798
24580,703292277,66726173,165516838,1607491,2759935
24600,702334075,63588795,167520380,1790021,2663829
24620,701860784,64817168,163298148,1841890,2785400
24640,723603787,64691017,173815623,1598779,2639135
24660,710107491,64932192,164222603,1573825,2644654
24680,703831553,68459037,174629890,2026780,2651086
24700,732207177,64178282,173159783,1746811,4074529
24720,724743733,66758340,169394689,1577711,2652925
24740,723748626,65610917,167037163,1603130,3105274
24760,705752479,64124300,165591236,1564171,2655761
24780,711837875,66344197,168067656,1632497,2656422
24800,707494409,66551279,170454625,1609212,2695674
24820,709696461,64381077,166549502,1643503,2666690
24840,709072915,66447180,167648727,1619457,2665141
24860,714284918,65097099,167428145,1613976,2693855
24880,743957709,70422525,175667141,1640173,2685039
24900,734392651,65045634,168207590,1688648,2711440
24920,725794231,65990048,168932840,1613726,2690277
24940,719329306,68190596,174330858,1598535,3088094
24960,740402350,67294428,172227447,1602483,2734993
24980,721444399,66950702,171027216,1626618,2692079
25000,735555729,68302113,179714697,1644285,2698233
25020,736490601,68889816,170178339,1615184,2693277
25040,760901115,70756725,179402912,1612080,2693712
25060,740121758,66154945,169383054,1650821,2701304
25080,725126134,66121889,171471532,1607375,2705360
25100,722866467,65920885,172286501,1610166,2712335
25120,727393336,66201635,171415513,1648469,2714590
25140,729080826,66392385,171321537,1613564,3142209
25160,738723756,66576228,171444114,1630902,2725864
25180,730474004,66866336,171936859,1638844,2748821
25200,736084462,66899350,172490471,1645136,2747211
25220,732091918,68108010,172995322,1609996,2717322
25240,733765107,67242692,173669583,1659194,2761731
25260,738270932,66698692,172281518,1621509,2751737
25280,750578044,66967939,176603563,1814265,2777481
25300,742396060,70316163,174687787,1615537,2745198
25320,745901483,67985800,174335989,1642357,2748180
25340,741714977,67753037,173304197,1622100,3232663
25360,745137062,68331877,180012324,1640327,2748242
25380,765353138,69889710,178294508,1669502,2766170
25400,748449680,68690323,178884173,1640040,2755393
25420,751431111,67556195,179684703,1619126,2785953
25440,753601724,69049529,179402942,1665047,2764083
25460,750505814,68319814,191904765,1658640,2754518
25480,763883430,68600884,174900022,1652114,2760644
25500,755381101,71835194,178644515,1656386,2802939
25520,756711719,68130563,177871061,1639984,2771323
25540,752125647,73151136,176741678,1656358,3174684
25560,762566318,68827286,180876075,1648216,2761739
25580,767662445,69836198,176826641,1687682,2763133
25600,755054831,68840218,176490334,1661316,2795987
25620,770228666,72997021,179531335,1679974,2777557
25640,790122116,72998674,186962644,1652728,3405436
25660,870621469,73812969,181759905,1676890,2820615
25680,802278434,81003116,195858699,1997903,3055343
25700,807246125,91583147,206584574,1652760,2794624
25720,764341277,70782398,180286229,1634767,2794057
25740,780193157,69567809,181319719,1709393,3263273
25760,768004072,69934285,186002610,1905450,4262294
25780,808054147,71024752,182325796,1657660,2813282
25800,831867018,85483406,184317601,1701634,3561590
25820,799982917,70398703,191599762,1956274,3144272
25840,796591882,70225395,184946076,1697487,2797053
25860,772897754,70893176,181018888,1677884,2869955
25880,777116339,70160159,181800000,1703045,2801877
25900,773919804,70836441,181582783,1703637,2813249
25920,775205572,70029526,180650043,1680036,2846099
25940,803078167,73298048,199560866,1692543,3263999
25960,778599476,72606570,181982139,1698269,2953298
25980,775551931,74730791,183361114,1704168,2823647
26000,785326071,71417440,182843427,1671135,2829238
26020,783878678,71326515,183057296,1674244,2891112
26040,786185585,71764907,184296522,1690263,2827790
26060,787049555,71565659,183976977,1703109,2842458
26080,788879382,71862323,185450177,1697384,2833025
26100,787155110,71640361,183871819,1691520,2853739
26120,793922224,71726248,185088274,1738985,2833745
26140,784227910,72278993,184373258,1673941,3371968
26160,787335281,71631030,184916770,1678703,2831726
26180,788982686,72166049,185645627,1724993,2833267
26200,793792397,72102514,185464795,1696739,2842134
26220,792982166,72436878,185921573,1711644,2840258
26240,796122823,72093168,188457080,1689182,2844975
26260,799253839,74298255,186701503,1730925,2878586
26280,798478406,72331562,188353120,1690294,2846188
26300,798537459,73153465,186570033,1706600,2850384
26320,807005129,75000440,188314915,1691761,2856567
26340,802282663,73528559,188567797,1736518,2856400
26360,806586238,72850131,186798517,1698831,2861054
26380,800408846,72726266,189819157,1676393,2862474
26400,803826623,73300905,188097421,1699439,2860628
26420,810512059,74020066,187877498,1727640,2867279
26440,808208602,74110429,190309000,1722683,2886306
26460,806858424,73988619,189587103,1731687,2874561
26480,808747593,74205329,189100303,1724812,2864001
26500,812131983,74895505,189967618,1707719,2874640
26520,820505502,74165889,189723020,1683566,3286439
26540,813686346,75487408,190555293,1703267,2902409
26560,812106479,75761112,190472115,1720709,2878963
26580,817552634,74805633,190356313,1731208,2876621
26600,815424414,73170729,192112178,1707338,2888198
26620,817156763,74452005,191015697,1730319,2869948
26640,822277999,74982558,191146304,1706553,2888001
26660,821713123,75507121,192110759,1746703,2955080
26680,820783708,76690044,194036159,1771574,2921704
26700,819842302,74530680,192686812,1736155,2931170
26720,828939398,74919849,193345879,1733703,3361752
26740,827827525,78961035,193713329,1731514,2961624
26760,825551524,76201451,193965776,1767328,2928724
26780,829724107,76809846,194989864,1714912,2922848
26800,830399867,76205331,196437259,1705330,2912786
26820,829506798,78351978,194310734,1724408,2923963
26840,835855254,75495437,194324409,1751913,2955563
26860,841874241,75671957,195736799,1737441,2948778
26880,834761147,78093988,195111712,1760540,2953833
26900,838154163,77510299,197942387,1772755,3438026
26920,838102451,76458507,196964270,1755973,2929042
26940,838396446,75959099,195727769,1740427,2936926
26960,843665555,76645684,196725929,1795440,2955636
26980,840076360,76146673,198546041,1732959,2971304
27000,841642379,79022855,199008067,1775843,2944269
27020,841628690,77308401,199202478,1769552,2942084
27040,846820301,79262626,197864484,1774930,2976742
27060,846333365,78200690,198361820,1734137,2950812
27080,847673036,76933127,197943786,1745523,2951321
27100,848191704,76900986,197845269,1822108,2950491
27120,850890567,77367515,201199084,1783761,2986846
27140,846984709,76727923,199558859,1788968,2958542
27160,852513382,78150067,198923029,1763995,2958696
27180,857432192,78899700,200132455,1764310,2967559
27200,857257996,77820117,199106721,1780074,3016100
27220,853887161,77956464,199920177,1773162,2985807
27240,860720442,79913401,199363087,1800878,2975606
27260,858388875,79595945,201926027,1791516,3010162
27280,861372919,77518738,201462001,1753483,3417503
27300,863713440,78470710,202211225,1786493,2987027
27320,869872626,78533641,202026089,1774080,3031662
27340,865125639,79590369,202048379,1806826,3048735
27360,865421984,79206583,202274946,1772385,3026505
27380,870341992,79471343,204469864,1774988,3006202
27400,864844379,78473730,202786687,1772972,3014648
27420,870323555,78931578,204751322,1784149,3013546
27440,869183091,79261704,202976834,1773255,3017891
27460,875612539,79582886,205313982,1762568,3431433
27480,879594389,79947770,204325179,1848718,3093240
27500,882544049,81186038,205049340,1802420,3118480
27520,874909010,80679130,204352406,1777347,3024590
27540,873738017,79753864,204895784,1765672,3019738
27560,883906631,81696081,209144538,1787041,3047164
27580,882899999,80462501,205306037,1796400,3103205
27600,896194514,86026280,217000482,1797114,3587016
27620,913124620,83331605,208463383,1802117,3066230
27640,880389422,80457302,208578477,1800710,3096501
27660,913327794,84002879,207579552,1788800,3040130
27680,891461810,85135520,209060641,1793158,3051381
27700,891244641,81175392,208383047,1799398,3069536
27720,887787296,80730403,207730098,1813898,3050814
27740,885350489,80652382,209995686,1806410,3051529
27760,889201650,80759797,209915446,1823298,3120382
27780,898925480,81087692,208835878,1823719,3062963
27800,899943219,81554632,209187314,1752706,3047750
27820,896023960,81524177,211283909,2079538,3348910
27840,895248533,81631891,209081028,1820014,3058715
27860,902512292,81488000,209498458,1827216,3088730
27880,896022022,83921976,211473298,1796457,3076443
27900,908462077,81899667,209160048,1843349,3060211
27920,905134168,83236726,210600263,1849849,3069412
27940,931931917,125743158,223608450,1815037,3073843
27960,943415788,88513181,219512064,1821128,3371973
27980,958653750,88726207,248639893,1881988,3163649
28000,991613368,82099579,211139407,1865142,3448763
28020,912180559,82142524,212644505,1818578,3536227
28040,912347181,82956944,212043441,1825468,3065474
28060,909719345,81800233,213356363,1808358,3109071
28080,913975163,84070614,215022494,1853285,3079460
28100,917982278,83523098,213973919,1823741,3091188
28120,918549439,85005747,212801620,1818416,3155920
28140,926813650,83266841,213554274,1931157,3278757
28160,918528481,84807360,214286595,1833742,3084055
28180,924537985,84789310,219427393,1847777,3101676
28200,926580024,83710834,217831342,1866831,3559748
28220,925920821,83953587,216580192,1830047,3129610
28240,925823237,84091817,217520435,1881371,3089932
28260,922500294,83811538,216364102,1838879,3101388
28280,928079392,83414880,218204215,1841199,3099708
28300,926600922,84130837,218629811,1881826,3104455
28320,929358907,86240029,217913293,1854576,3248653
28340,929515235,86132288,217404193,1833248,3132567
28360,931062959,84439238,220140537,1870993,3119909
28380,930712250,86621346,219480136,1839558,3588045
28400,936677771,86416062,218227101,1808416,3100835
28420,934360430,85365262,218238843,1822369,3110280
28440,940037463,84211487,220053837,1855802,3109802
28460,949316198,85756069,221464472,1894555,3218024
28480,938622793,84927822,219046315,1894804,3111023
28500,942747820,86174434,219894297,1836749,3116365
28520,942178312,85572359,220536163,2025521,3123570
28540,944466820,86745295,221101429,1867802,3126808
28560,945749861,85348240,221284680,1914622,3116212
28580,949618475,86701082,221007120,1866393,3129978
28600,956783703,87748605,221641787,1876420,3172842
28620,949571718,90032081,221439193,1832785,3132025
28640,945976972,87489964,224056359,1890604,3127020
28660,952141443,87268464,221083901,1867337,3149152
28680,955832438,86307031,223750044,1902919,3156605
28700,954682664,86706360,225056806,1888984,3150480
28720,955591736,86344297,224047738,1886701,3140513
28740,1023191345,92229497,231967899,1908806,3880073
28760,1050404501,86252898,224203700,1893607,3188928
28780,988899477,88038876,230367954,1915049,3147371
28800,961302102,87151598,223934285,1882354,3157677
28820,963048771,87256359,226305160,1901622,3161151
28840,969596149,87449651,226112747,1885577,3171524
28860,963079397,89954292,225026186,1891558,3154489
28880,969904159,87582625,227572339,1872522,3175330
28900,965050052,88273671,225620712,1879778,3600752
28920,967363731,89362564,225489250,1879315,3174069
28940,975020929,90681212,225597737,1889390,3179860
28960,975843255,88372854,228680259,1908328,3180559
28980,977610501,88695811,229043748,1894172,3178357
29000,972225538,88908831,228035198,1896410,3185548
29020,978506246,90014546,226900302,1893898,3234991
29040,979525244,90003180,226832747,1885052,3201745
29060,982429342,89932460,229192877,1896772,3197211
29080,981005805,89960039,228729521,1905392,3731905
29100,975523159,89434948,228490622,1937591,3197189
29120,981446915,88733205,231164275,1877435,3193250
29140,988083777,89367061,231424547,1924347,3909395
29160,987053975,89003666,231435769,1889870,3199075
29180,984365638,89312362,229390207,1905664,3205815
29200,986792749,89241828,230011303,1978069,3215593
29220,985097331,89100911,229865612,1876024,3221647
29240,986394827,89336887,231623953,1891000,3221671
29260,991297698,90911918,229920903,1924484,3636682
29280,995357937,90630058,232448393,1910759,3214602
29300,997999876,91229116,231693173,1913812,3215088
29320,992676608,89762732,231584924,1911327,3208751
29340,997846359,91215730,232302815,1923450,3250800
29360,997542441,91262184,232844345,1925028,3230439
29380,1001328339,90838257,232844809,1901176,3270220
29400,1001110171,90817466,233449186,1900103,3236983
29420,1001751716,91065814,235000933,1917430,3252937
29440,1003429947,93160506,234928802,2065027,3268650
29460,1013022146,91321644,234103652,1915332,3239850
29480,1006714147,92459662,235172495,1917132,3248378
29500,1010956373,91784890,234649066,1941678,3251958
29520,1007724986,92728006,235072907,1894244,3255925
29540,1009101603,91613072,236806079,1942572,3244374
29560,1010273508,91391698,236104184,1935139,3249675
29580,1008339894,93913157,239821249,1906235,3315171
29600,1020569252,92863158,236846409,1963563,3705076
29620,1015828660,91969821,237198680,1939873,3256616
29640,1014055174,91905899,238885887,1946567,3260479
29660,1018071763,92489124,236569017,1973264,3268793
29680,1023228657,92637992,238514200,1937764,3259818
29700,1025125882,93946666,237586558,1951205,3269351
29720,1015067277,91952563,237434284,1955096,3282052
29740,1028761244,92525754,241888286,1960159,3276555
29760,1026814728,98112520,240063496,1986856,3272896
29780,1028836032,93782640,238869112,1959847,3269162
29800,1026708610,93623527,241287119,1952280,3348624
29820,1031406807,93810636,239246970,1989161,3291166
29840,1033678850,93525654,240754920,1935508,3309229
29860,1030811007,96093461,241474085,1952945,3288192
29880,1029974897,95318223,243289229,1929290,3296875
29900,1060978697,98179212,297578527,1956792,3301000
29920,1042429214,94781362,242366062,1966250,3352708
29940,1066328954,95184560,242476338,1983718,3721425
29960,1047145293,94430495,243115555,1982427,3336985
29980,1050494549,94526506,243621758,1963045,3401406
30000,1067992229,96737958,249774122,1938123,3333875
30020,1127425298,94560323,242401926,1975570,3306799
30040,1048917114,94600426,242862068,1974345,3304132
30060,1051828360,96404290,243545315,1953202,3307012
30080,1049182344,94980222,247630510,2081769,3317618
30100,1050402171,95655859,245572392,1999303,3316119
30120,1050432063,94526581,249231440,1970679,3312460
30140,1046464849,95385601,247921052,1990537,3348154
30160,1055135134,97078614,246639170,1969241,3322349
30180,1056475242,94821207,248030178,1983757,3330151
30200,1056798254,95432699,246113601,1949445,3316201
30220,1061034560,96905539,245543137,2016267,3323058
30240,1059013449,98051868,262377460,1948961,3324141
30260,1065313437,99081066,250398271,1980307,3323359
30280,1071724502,97226026,247937138,1968529,3869444
30300,1067998453,96319783,248270893,1972301,3328468
30320,1064418344,96382599,247627207,1980021,3372244
30340,1066472105,96996644,248947432,2014503,3340851
30360,1064959227,97414951,248030317,2018604,3346875
30380,1069637482,96658936,248822662,2011604,3391654
30400,1069224793,97119105,250815385,2006358,3346535
30420,1070622022,98046024,250942800,1977936,3424676
30440,1073780100,97940190,249513675,2004973,3819064
30460,1074874402,99136539,252650719,1991633,3407519
30480,1078245140,97613703,252374238,2030159,3414273
30500,1080080020,96993584,250130484,1966015,3350209
30520,1080395093,97797981,252236572,1997971,3354829
30540,1085106115,97920700,258021086,2053615,3948909
30560,1096098051,99800194,252818232,2003624,3359052
30580,1087688064,98232577,251104036,2033752,3365668
30600,1088546293,98488956,253261774,2005527,3358130
30620,1086908385,98429404,253167787,2006179,3366424
30640,1094315423,99255873,253961028,2039119,3366247
30660,1086171729,97933744,253352640,2032469,3364163
30680,1092448990,99254853,254937707,2083632,3365316
30700,1099512138,100217474,254860484,2049800,3388727
30720,1099692053,99303507,253941668,2012407,3366894
30740,1092501744,99561824,254372726,2010987,3377892
30760,1099930140,99993140,255814403,2003844,3381848
30780,1095250606,102246035,256024991,2024008,3840217
30800,1102821709,101322269,256332456,1994996,3387809
30820,1105486779,99594735,258215982,2003533,3384350
30840,1104430861,101852416,256754336,2006103,3384467
30860,1117349876,116397911,271276613,2014331,3390832
30880,1158911836,114241413,268149337,2587996,3493375
30900,1214835591,107268907,264611291,2064113,3398341
30920,1242685052,160545622,283612902,2545519,3608800
30940,1296327900,102439977,325186910,3086896,6739398
30960,1253356792,102585600,271815455,3530954,6007497
30980,1221352910,110647729,267225450,2073618,3417019
31000,1138482903,101483594,260148296,2037455,3555674
31020,1124694295,103265703,284226627,2044175,3525663
31040,1235136564,104023989,275197379,2064198,3548654
31060,1210152321,160549858,263898081,2061644,3531464
31080,1253691463,108457898,306819171,2504145,4794041
31100,1248554948,186092158,292551241,2060965,4905492
31120,1295440282,103894875,263803107,2047603,3477019
31140,1232164266,106400465,293132619,2043026,3485555
31160,1265416975,128443424,296953060,2543896,3942743
31180,1228438101,103772707,267384305,2073280,3443454
31200,1154595134,102681808,265265747,2062170,3438206
31220,1195096889,105067740,264730250,2054563,3438847
31240,1267699559,115145571,266199684,2034926,3512845
31260,1175845556,108284339,277962106,2106636,4978545
31280,1269011938,114342926,269736143,2136408,3453936
31300,1144532521,102792308,266534136,2044126,3485182
31320,1253479217,117176870,281497070,2085204,3477321
31340,1286218336,104355197,387986487,2071360,3640424
31360,1146055330,103167827,265539638,2031822,3478209
31380,1259493414,239552141,337639888,2118114,3663564
31400,1356037073,115240125,286325107,2079532,4122541
31420,1223904689,117688166,289472936,2226732,3473797
31440,1197647363,107341850,268573018,2056374,3476159
31460,1209151001,106982068,327749865,2201972,3775103
31480,1227683477,109373614,270733730,2093194,3567843
31500,1424268847,118519201,310211990,2147233,4494245
31520,1337293347,107321054,279541092,2050222,3480677
31540,1269209587,107726921,417315203,2079936,3533228
31560,1289419916,106975158,275787172,2489917,4075018
31580,1227624736,106910545,271707769,2048632,3522626
31600,1204768462,106166306,294294833,2322429,4382911
31620,1218385332,107155809,272573629,2078416,3519543
31640,1179352742,109235467,276962299,2473358,3930977
31660,1348114272,119432607,285235420,2103528,3509441
31680,1221015931,107066076,394279015,2682860,5439167
31700,1340481426,131367413,316975757,2180240,3720073
31720,1352330847,143686662,446446188,2445209,4120680
31740,1223360484,117302613,276808754,2079635,3560690
31760,1215971666,161855136,450898028,2530604,4205498
31780,1247784991,109415773,298149820,2141534,3512648
31800,1219688693,108884890,334951415,2640202,3926177
31820,1294821040,113203141,320446037,2198532,3640073
31840,1487716514,107643109,277554835,2078177,3566198
31860,1204472466,105857693,352232744,2598918,8298550
31880,1327218681,109508413,277263897,2400717,3545007
31900,1238420590,107145714,330276034,2368302,4020889
31920,1213989066,110113196,305161093,2582442,5040064
31940,1287128403,110383851,279490112,2117860,3533473
31960,1203897544,107626713,316507370,2252228,3632346
31980,1254214346,175317177,279966201,2224188,3614573
32000,1202122040,117182675,302347871,2072419,4168806
32020,1245902768,108112959,313617634,2437726,5181715
32040,1336028354,108795734,283618440,2110020,3542960
32060,1330016996,138798739,280845627,2106349,3607176
32080,1352933356,113906849,292602214,2214686,3605197
32100,1221301782,109625311,288445550,2120311,3552394
32120,1297723239,192070682,286752318,2131751,3563940
32140,1238420681,132488681,337338115,2107346,3566998
32160,1319411956,112378332,298819185,2685452,5237694
32180,1280616144,110597769,282060760,2123386,3597412
32200,1352942646,111956731,301457251,2145564,3573904
32220,1376799181,116166639,369996101,2637533,3566418
32240,1465620337,144749381,294397599,3214722,4743153
32260,1331569028,109561211,343264325,2153071,3586376
32280,1271295033,123428754,304303800,2122388,3632362
32300,1330813542,116954076,285821303,2115077,3614384
32320,1222952340,109196682,285258625,2153942,3625330
32340,1318642085,112632592,332653604,2121175,3591229
32360,1277577883,111527300,391446974,2129595,3580363
32380,1302220330,111167492,283786605,2615122,6667107
32400,1314270023,135015664,309012080,2510651,5132713
32420,1298420702,113247959,309779580,2146278,3771143
32440,1348885777,112870511,401742570,2331169,4041285
32460,1321398174,118285587,296252083,6163077,10200894
32480,1329458878,111663144,363600748,2168979,3673562
32500,1262675541,123564346,303539755,2159337,3611616
32520,1441940639,112826056,289883211,2151528,3614160
32540,1235159466,112345903,297522640,2286374,4097919
32560,1339050217,111456291,293806070,2150550,3600521
32580,1333350616,112844735,291861576,2167946,3596753
32600,1384650231,112771221,339100363,2183422,3634989
32620,1309965048,136307357,327258541,2321473,4421403
32640,1354602448,114349025,314042099,2387172,4926985
32660,1336070150,112144534,383329275,2138820,3604086
32680,1282848995,120393100,312337833,2111195,4322065
32700,1341143554,120469217,294099435,2174177,4342863
32720,1348490931,116015549,345637433,5016816,6138027
32740,1331892163,113193553,321159823,2103639,3620024
32760,1294960896,113666976,334968775,2215953,3658688
32780,1269617017,113852186,291492198,2161273,3626135
32800,1267756960,116237310,306836325,2607734,3803368
32820,1264245665,115491954,307751067,2168817,4272546
32840,1339865576,117563980,326269337,2163413,3756926
32860,1321026178,116646476,299898703,2108430,4096163
32880,1317440474,114925231,295802975,2173383,3707133
32900,1308626501,126930021,317903107,2172125,3678295
32920,1355412115,137547920,344412504,2177068,3650737
32940,1333093549,125863108,305405677,2197970,3652123
32960,1315159658,123853105,299487986,2143038,3669342
32980,1368524176,169446167,324328791,2459945,3956598
33000,1370094926,138107466,305383220,2208650,3684711
33020,1304984193,113604505,297693397,2169011,3673824
33040,1379194131,114869446,318538072,2292080,3707471
33060,1326589575,116904422,296417315,2248582,3725349
33080,1293893665,115625765,305526385,2259770,4113529
33100,1357570647,182125156,301221331,2129086,3688437
33120,1319898802,119490250,327157003,3326951,5505578
33140,1399927312,127201047,302509511,2185868,3728872
33160,1349572473,125890283,326890802,2212862,4864364
33180,1337474121,126394637,302485583,2195030,3703244
33200,1312867926,118637855,298845277,2180603,3738762
33220,1288881605,118362983,365726940,2230308,3756134
33240,1382372612,124456385,305828601,2210575,3706844
33260,1354871936,117265380,301331635,2197300,3699830
33280,1294895104,117345759,301703657,2202033,3690483
33300,1341111590,127218079,303685913,2173470,3701791
33320,1324391685,117533710,298763193,2208506,4747983
33340,1351096916,127667600,313828079,2206238,3709085
33360,1349946595,117347500,335145957,2217747,3741042
33380,1344842672,176267680,306219833,2219688,3811876
33400,1315364564,117424462,304632417,2205617,3766760
33420,1306585688,117807910,303815672,2194789,3726299
33440,1310590269,119971810,303061585,2194089,3720381
33460,1314904759,121836242,304843654,2211352,3732542
33480,1311911005,117518899,304156196,2214161,3742082
33500,1315964550,117479807,304391222,2193101,3734649
33520,1320199243,118995245,302932335,2220147,3739529
33540,1378933404,120423822,313257693,2749740,5086965
33560,1385404724,121800515,306002582,2217631,3746379
33580,1314798850,119480692,305505335,2294028,3751750
33600,1318053595,120042300,307289350,2232651,4677921
33620,1315310359,120683535,307125845,2199791,4269898
33640,1314458151,120664271,306055550,2228506,3750917
33660,1328647857,120502919,306876570,2234167,3749932
33680,1323783044,119916478,305343280,2251982,3782327
33700,1330401792,119317064,307371745,2238333,3819189
33720,1329839759,119492203,332750270,2442891,5148738
33740,1371122557,129721933,320821069,2280471,3745880
33760,1400553093,135291870,315392280,2925595,5078436
33780,1416684745,122928158,335316230,2445754,4258681
33800,1423573536,122011531,324616539,2677176,5775277
33820,1364848144,120803403,314097003,2215099,3780720
33840,1378726954,123636431,339205912,2249008,4631713
33860,1367109439,121627067,314981428,2207608,3788644
33880,1403362206,135064395,327696679,2318130,3800233
33900,1479305787,120722771,326701656,2237914,3792723
33920,1478194784,122794424,315724901,2214445,5941200
33940,1352187768,198362601,325397543,2248592,3819750
33960,1408233042,119765488,311970874,2345111,3874763
33980,1391266167,123675335,372173155,2256495,3911441
34000,1372512006,175852774,373727868,2270106,3828327
34020,1426315814,125692990,351855283,2725898,5544287
34040,1402873469,122773861,364551860,2283014,3809681
34060,1388265130,124732144,419214652,2302720,3925887
34080,1374347879,121888912,313684235,2284400,3785927
34100,1400754622,133357410,319660146,2235586,3827344
34120,1500284085,135763391,368489079,2367017,4594708
34140,1420642608,149205960,321136629,2254166,3848884
34160,1425963161,127355608,357027037,2247786,4085304
34180,1457482460,124187805,320439423,2271504,5900659
34200,1405650059,122634488,318554721,2289374,3823022
34220,1463998410,127075814,332798346,2328247,4784405
34240,1511564322,124544703,382888202,2799206,5746415
34260,1504365567,127742033,335962368,2346590,3839255
34280,1447585322,125221301,372272732,2793461,6551176
34300,1432736081,143534524,328338769,2243079,3824515
34320,1390504528,126511834,343956024,2631080,4486583
34340,1417539003,129169121,357872359,2220827,4567224
34360,1461605514,127569780,334358392,2386588,4360138
34380,1388626407,124305888,320829233,2289233,3818272
34400,1432487203,138028582,336194569,2283222,3913004
34420,1439996684,124693339,320371669,2233237,3827637
34440,1504648820,127205028,525341772,2419481,3949830
34460,1505486191,131601112,336976577,2298026,4237369
34480,1455117408,248155511,332713836,2279664,3954780
34500,1450182418,132176369,361058681,4691093,5557348
34520,1505925503,131798197,371382621,2334657,4304026
34540,1493789215,127959008,325308159,2418476,4041243
34560,1396992664,128473946,324804755,2310527,4441161
34580,1401763855,127480199,324884068,2563876,3887977
34600,1412976172,126729321,382342250,3090513,7724496
34620,1525259531,126403534,345198162,2364075,3849800
34640,1552665242,134348851,329510127,2336427,3850228
34660,1585929459,137663231,325334700,2340243,4314188
34680,1405563315,129986111,325725814,2357417,3855093
34700,1413928851,129264371,329163899,2310177,3905252
34720,1405694017,129096297,328413575,2327547,3925758
34740,1411922422,129056155,330432952,2324186,3948643
34760,1413080781,128693984,329715990,2249812,3908521
34780,1419267296,129884797,329823838,2315322,3875665
34800,1419870278,127497369,329742179,2291706,4290485
34820,1419552499,127680801,327762694,2417881,3865604
34840,1416677600,134014583,333198073,2300472,3943579
34860,1419147903,129690571,327792679,2254004,3921112
34880,1416660677,130519980,329370838,2262256,3876454
34900,1424984700,133584207,371144073,2262373,4634307
34920,1535795402,128488102,330643881,2311117,3982743
34940,1431852684,128489272,330870720,2295055,3897704
34960,1428978691,127962371,329305074,2281788,3930391
34980,1425023428,130077072,331813546,2295678,3904154
35000,1429916225,127947361,330220897,2276946,3910250
35020,1425481967,128865117,331594474,2329368,3899676
35040,1428460470,128068555,331973544,2333786,3918738
35060,1432175972,129703094,331553969,2304769,3905617
35080,1441617269,132859987,333967442,2311909,3917407
35100,1427824560,129054626,334445253,2375389,4328688
35120,1443299637,129823029,332835270,2347851,3912437
35140,1443561334,129742431,334010060,2328568,3920690
35160,1440348697,130147280,334449529,2317061,3976609
35180,1431284118,131282507,332235447,2336595,3944363
35200,1448638419,130277844,334942761,2314780,3926075
35220,1444549082,129249545,332583308,2357227,3942489
35240,1503824873,140964986,380895775,2931250,7778641
35260,1827374582,131800557,349641119,2347847,3930628
35280,1453866630,130621692,353310189,2387556,4016779
35300,1587651518,141645771,354106787,2493426,3936532
35320,1606974150,133902670,337269092,2328867,3949084
35340,1574828141,136460213,349953484,2359501,3951359
35360,1584718217,133157886,338951230,2324639,3946986
35380,1466418362,134832897,338771434,2380026,4372608
35400,1526841192,136853825,380528600,3616144,6301693
35420,1633316691,142026730,364105936,2663220,4016399
35440,1596193650,136881502,361371995,2328920,4104325
35460,1567617036,144675553,385323635,2350645,3995475
35480,1666202836,142355332,354997733,2364173,3960655
35500,1562697024,134684256,469331856,3055369,4006967
35520,1557372596,160326684,352939895,2353170,4392297
35540,1591034851,149883518,349135899,2356133,4040877
35560,1551344376,141042697,373040027,2477931,3975877
35580,1530733136,135339995,349235521,2367881,4001716
35600,1579450448,134616462,360497033,2402178,4070145
35620,1536459489,137901578,358555738,2398788,4555928
35640,1587099915,139705625,358480432,2385398,3999576
35660,1598019037,139341518,349743712,2387869,4467388
35680,1608554960,150559440,404030598,3292378,5413195
35700,1601820611,136836649,362085506,3302120,6511935
35720,1653071760,137424175,345684483,2336956,4075094
35740,1498136429,134393840,350683428,2359784,4055782
35760,1489762172,135309445,344852526,2395609,4038555
35780,1499532565,134005369,346839612,2416503,4017331
35800,1496396844,137850285,346385441,2381019,4433529
35820,1493093262,138202051,347006786,2372556,4041383
35840,1504295025,134949073,351133096,2402968,4007083
35860,1604591920,152268094,348556456,2369058,4010405
35880,1577774916,148291952,367397281,2358964,4792021
35900,1609932389,136061556,396737223,2686130,4185879
35920,1651061177,144634781,411325328,2464664,4014749
35940,1522318679,135292990,350814234,2430170,4533313
35960,1672960016,142876359,362201660,2683646,4009939
35980,1569292873,206574801,374204722,2337348,4032776
36000,1631101314,138572383,402059299,2524319,4054471
36020,1627149450,150131313,364650437,2379573,4711179
36040,1601198145,176722170,431462350,2628477,4075665
36060,1667838570,150226860,358939980,2365440,4035238
36080,1589925853,146497888,425584937,3881480,8656609
36100,1730001333,201430307,425769430,2568761,4085121
36120,1668904149,143401848,413061460,2781439,4298582
36140,1738890479,214618979,363003374,2402864,4047171
36160,1618023110,140575881,367358864,2335391,4107288
36180,1568062560,236833744,383188696,2424229,4031266
36200,1557354778,139464416,354279631,2380156,4042446
36220,1541896575,138092269,355818640,2414765,4527374
36240,1574774677,137894112,355626910,2388499,4465640
36260,1546446584,138887508,354842736,2376171,4051461
36280,1603330239,140147187,373654298,2364785,4571268
36300,1612423852,141531137,469731071,3065070,6470461
36320,1619497381,141257301,359563468,2415509,4054123
36340,1546000665,141552349,371316296,2400392,4114941
36360,1572046760,152900652,372475565,2409120,4500394
36380,1573201695,145811349,357909020,2434943,4067507
36400,1617849212,143046880,435819273,2367761,4054041
36420,1711890028,161956723,559909138,2616350,4685123
36440,1619720981,142210657,395066006,2489160,4110083
36460,1652040971,238865937,468319259,2403709,4090863
36480,1985542770,143630831,360782953,2477639,4075241
36500,1580029087,141527765,367475506,2988871,4854699
36520,1633889176,141628487,360427799,2408906,5989507
36540,1567324512,144504453,362827818,2467764,4118233
36560,1569369354,143182064,364584869,2428040,4082527
36580,1646937428,148132101,377970793,2434993,4070487
36600,1748425056,243411093,461263074,2539533,4594450
36620,1716546322,155806207,381502461,2434432,4219314
36640,1609069483,142693140,381916187,2443437,4700669
36660,1647191147,156253166,392786712,2456985,4117108
36680,1681426232,156969522,548703667,2426573,4788223
36700,1599889902,152765361,364736896,2427279,4102850
36720,1600031891,215049955,416417567,2439219,4147820
36740,1658287715,222552388,510939066,2779184,5227029
36760,1778402798,156047077,401338934,2477175,4098625
36780,1670270107,144182043,410470482,2447941,4100424
36800,1779993571,151393878,384058651,2617566,5428913
36820,1824003198,144537196,365843814,2435041,4093609
36840,1660024074,145551580,401374872,2440353,4147123
36860,1730318027,151249611,402291792,2427145,4097793
36880,1721830582,149937810,410645961,2448342,4097161
36900,1620321568,146442669,417497563,2484667,4655382
36920,1658211950,147069711,369203124,2482576,4111215
36940,1592632386,144560718,369883204,2481526,4120738
36960,1613317195,145498444,392137027,2479886,4113528
36980,1698956433,151139957,392487269,2423303,4188249
37000,1742626734,155187263,409597641,2494718,4128669
37020,1701809732,143487253,380398082,2454945,4131183
37040,1647658480,163830051,382201581,2487303,4654764
37060,1745173114,148923083,372195025,2488823,4137470
37080,1612598442,149679036,374065816,2471266,4132927
37100,1611697076,145979419,373888110,2459470,4146321
37120,1612124300,145836267,373447062,2497472,4132466
37140,1613458519,145289932,389623533,3036596,4196222
37160,1679246049,148387950,378091364,3103941,6844418
37180,1681188159,149031551,396129762,2473841,4617292
37200,1650358583,169609963,543960731,2472614,5014782
37220,1776964133,167595696,407532915,2564050,4398555
37240,1714591883,186969047,376962692,2469244,4172118
37260,1623512460,146068873,379066080,2503276,4955637
37280,1673249329,148159855,382496440,2901775,4440182
37300,1928705055,150586646,395200937,3051280,4162665
37320,1749058880,149051899,393613695,2571867,4803355
37340,1770327508,149048138,376254509,2492319,4175541
37360,1673499474,174946640,397631960,3047433,5562879
37380,1891746087,157885585,525215020,2651609,4177299
37400,1867079621,148876635,377364211,2485019,4182737
37420,1648160823,146683794,377450660,2528810,4229218
37440,1730184949,150940794,410855574,2527036,4782279
37460,1772317658,148906846,403340012,2471453,4891294
37480,1724422917,149820475,383250131,2543776,4247219
37500,1739659386,152920184,409993187,2923934,4236886
37520,1826734574,149395955,403653717,2535621,4647256
37540,1698370783,148414127,387571033,2512308,5733664
37560,1730776604,160976320,402843177,2590678,5399720
37580,1884980073,157641090,389413732,2488662,5333805
37600,1735496269,148748731,444132562,2535558,4537843
37620,1722808526,152925658,406924538,2571367,4272916
37640,1819918714,152451870,387684900,2535378,4220181
37660,1692164531,180878554,394911918,3016809,4214156
37680,1747185220,149888999,382486662,2477962,4212900
37700,1668579302,149034562,384654285,2516980,4845819
37720,1734202710,151495667,385585092,2534381,4220821
37740,1675291706,151461509,385479529,2502719,4214187
37760,1791967888,150302898,406829369,2490274,4313194
37780,1909209978,158974399,398524998,2509837,4226028
37800,1715382525,184121915,390535371,2523192,4222086
37820,1786111909,159191094,431449088,2524742,5118107
37840,2021430873,238783337,407660541,2736344,4733977
37860,1737117689,158755453,403685123,2534794,4603166
37880,1707381039,154813996,400979711,2520703,5122007
37900,1764644049,153635222,388582719,2543394,4262580
37920,1686017928,151878888,389970941,2570895,4236587
37940,1686532808,153249166,389454253,2580274,4248712
37960,1684575698,152465252,393264369,2586445,4279602
37980,1689861243,154532343,389814876,2538129,4256633
38000,1705806819,152003154,390282268,2520683,4247002
38020,1692665464,155320829,392178032,2534278,4327321
38040,1724952050,153909053,394816854,3101800,4441754
38060,1700765700,155323105,393934733,2587306,4327588
38080,1737885720,192198697,396406296,2567868,4269644
38100,1698862822,152170014,392082095,2534644,4687279
38120,1689355370,153840500,393492650,2563984,4255613
38140,1705607054,155450634,395746584,2613873,4289974
38160,1707543878,155470528,396180832,2550434,4284085
38180,1699348525,155686435,450674446,2542420,4363666
38200,1786230682,235313955,478171713,3816295,5999177
38220,1744216997,172002904,435581951,2595209,4302692
38240,1738295947,167531312,396528872,2581719,4446958
38260,1775106344,156349757,395234880,2625937,4278880
38280,1769208010,153932952,425778791,2531190,4915594
38300,1807788720,207539237,429267482,3281156,4887815
38320,1776372794,159395301,400195252,2566597,4298235
38340,1725662947,158634736,397010923,2558518,4286296
38360,1726820529,156424941,399000941,2612076,4807952
38380,1723779457,158215046,399493969,2607025,4309991
38400,1717346452,160542646,398973186,2567177,4382097
38420,1729032012,156181108,400246166,2560168,4341951
38440,1735762007,156939852,401124318,2550650,4294433
38460,1741941000,157830967,401137325,2581117,4296595
38480,1732733976,158103613,400451552,2598104,4295347
38500,1733384887,158039374,401570530,2624821,4327468
38520,1736904243,158454826,401613814,2571947,4374821
38540,1742050408,157849348,404360818,2605408,4335608
38560,1743205984,157443039,401664473,2520806,4308994
38580,1744303309,157801734,402684166,2638806,4357881
38600,1746962165,156125371,407933134,2651061,4322488
38620,1753954714,159227310,402143257,2610578,4751244
38640,1739592641,157985342,403921834,2589283,4316951
38660,1743798990,156581210,405705929,2600090,4362381
38680,1742807045,157834258,402992819,2538020,4322450
38700,1763612572,159298759,405066699,2567207,4326971
38720,1763322062,158026740,405547204,2583646,4331992
38740,1758048160,159617888,474387642,3039867,8226154
38760,1877840055,158908978,421794504,2575878,4373961
38780,1769675749,159814057,419138793,3170518,4349339
38800,1849286974,194619315,663278904,2619527,4359780
38820,1870890170,159194593,405190165,2553538,4368449
38840,1760498234,159164068,413987304,2644742,4370210
38860,1771042506,158628417,406428220,2662510,4346581
38880,1770392349,161678924,406020921,2619384,4757328
38900,1766362831,158455516,406603998,2609962,4357182
38920,1762161189,159274382,406448816,2595914,4341632
38940,1767229839,159887106,409202575,2589575,4355442
38960,1766579734,159876650,407706601,2628266,4349043
38980,1775830503,159359771,409530865,2563905,4360726
39000,1779265554,161741970,408564044,2635280,4799152
39020,1780462929,161705247,409162513,2607646,4351769
39040,1783930792,160691865,413988556,2579103,4380563
39060,1790492108,162863632,409499869,2639520,4372833
39080,1790153698,162643255,409814948,2652922,4359143
39100,1784590893,160052385,411982727,2583711,4406921
39120,1781292554,162782593,415154595,2628330,4369277
39140,1792891288,162417633,412202151,2601948,4380671
39160,1785061608,161449304,413404042,2636663,4387014
39180,1797101690,162669031,413086745,2587371,4378799
39200,1797049971,162688253,414275234,2597004,4382171
39220,1796482845,160931468,414662651,2675512,4387467
39240,1794859935,162955809,416342072,2614200,4390316
39260,1803498156,161778154,415578598,2617080,4846409
39280,1798252250,163647545,417690143,2692228,4393396
39300,1806041601,162842998,418327193,2594676,4433950
39320,1807700448,161871836,414400082,2650091,4409266
39340,1809846046,164506501,418863894,2604934,4472166
39360,1816522396,162561233,419811648,2644561,4416137
39380,1807771356,166097390,417998463,2659566,4877578
39400,1814117474,163330594,416881385,2613483,4433255
39420,1819535657,164695672,421192368,2624001,4480790
39440,1823714339,165237112,418793544,2655246,4415032
39460,1813055520,162901642,421462425,2607149,4432560
39480,1821181284,168032266,418081038,2672738,4427966
39500,1827606226,162981402,422205883,2634570,4975609
39520,1818126817,162860032,421091572,2657659,4425707
39540,1847505715,163992696,421152594,2583984,4424852
39560,1832769502,164588193,423440159,2618342,4427903
39580,1833309800,164646644,422599466,2644934,4445820
39600,1840508829,165445635,421564364,2701766,4430176
39620,1832971549,168371402,424344712,2626807,4430370
39640,1821692796,165581574,422116554,2616496,4867641
39660,1837804180,164010261,423975143,2637469,4437239
39680,1849217154,168783118,425980546,2634401,4502273
39700,1836439620,167206865,424795224,2677165,4441357
39720,1848950143,165691595,425302341,2682725,4454945
39740,1844138975,166525160,424996770,2712252,4455657
39760,1858675495,165931592,425822797,2650000,4929418
39780,1836586711,168098018,428371747,2636335,4470479
39800,1840797617,169408727,426828141,2707259,4471246
39820,1852920899,166552686,426941629,2670644,4465480
39840,1859661310,167483256,430135327,2718929,4583309
39860,1850004256,167490641,427690721,2636238,4498793
39880,1847845840,166498796,428334996,2628592,4892231
39900,1853342479,166344304,428111383,2693295,4479100
39920,1869066135,167045448,429699473,2642243,4468838
39940,1863774668,167387328,430257604,2622410,4467789
39960,1863216725,167942342,430187898,2666277,4488607
39980,1867610065,169137015,430178356,2712035,4474677
40000,1870687421,167775030,431190550,2689778,4992528
